segment,maker,model,powertrain,fuel,engine,price,inspection,electric_wh_per_km,hydrogen_km_per_kg
combustion,Toyota,AQUA "X",hybrid,34.3,1.49,2486000,100000,0,0
combustion,Toyota,AQUA "X" E-Four,hybrid,30,1.49,2684000,100000,0,0
combustion,Toyota,AQUA "G",hybrid,33.6,1.49,2654300,100000,0,0
combustion,Toyota,AQUA "G" E-Four,hybrid,30,1.49,2852300,100000,0,0
combustion,Toyota,AQUA "Z",hybrid,33.6,1.49,2824800,100000,0,0
combustion,Toyota,AQUA "Z" E-Four,hybrid,30,1.49,3022800,100000,0,0
combustion,Toyota,YARIS "X",hybrid,36.0,1.49,2249500,95000,0,0
combustion,Toyota,YARIS "X" E-Four,hybrid,30.2,1.49,2473900,95000,0,0
combustion,Toyota,YARIS "X" 2WD,gasoline,20.3,1.49,1848000,95000,0,0
combustion,Toyota,YARIS "X" 4WD,gasoline,18.6,1.49,2061400,95000,0,0
combustion,Toyota,YARIS "X" (6MT),gasoline,19.1,1.49,1771000,95000,0,0
combustion,Toyota,YARIS "G",hybrid,35.8,1.49,2445300,95000,0,0
combustion,Toyota,YARIS "G" E-Four,hybrid,30.2,1.49,2669700,95000,0,0
combustion,Toyota,YARIS "G" 2WD,gasoline,20.0,1.49,2072400,95000,0,0
combustion,Toyota,YARIS "G" 4WD,gasoline,18.6,1.49,2286900,95000,0,0
combustion,Toyota,YARIS "G" (6MT),gasoline,19.1,1.49,1996500,95000,0,0
combustion,Toyota,YARIS "Z",hybrid,35.4,1.49,2669700,95000,0,0
combustion,Toyota,YARIS "Z" E-Four,hybrid,30.2,1.49,2884200,95000,0,0
combustion,Toyota,YARIS "Z" 2WD,gasoline,20.3,1.49,2301200,95000,0,0
combustion,Toyota,YARIS "Z" 4WD,gasoline,18.6,1.49,2515700,95000,0,0
combustion,Toyota,YARIS "Z" (6MT),gasoline,19.1,1.49,2197800,95000,0,0
combustion,Toyota,YARIS CROSS "X",hybrid,30.8,1.49,2510200,105000,0,0
combustion,Toyota,YARIS CROSS "X" E-Four,hybrid,28.6,1.49,2757700,105000,0,0
combustion,Toyota,YARIS CROSS "X" 2WD,gasoline,18.9,1.49,2126300,105000,0,0
combustion,Toyota,YARIS CROSS "X" 4WD,gasoline,17.6,1.49,2373800,105000,0,0
combustion,Toyota,YARIS CROSS "G",hybrid,30.2,1.49,2712600,105000,0,0
combustion,Toyota,YARIS CROSS "G" E-Four,hybrid,28.1,1.49,2960100,105000,0,0
combustion,Toyota,YARIS CROSS "G" 2WD,gasoline,18.8,1.49,2341900,105000,0,0
combustion,Toyota,YARIS CROSS "G" 4WD,gasoline,17.6,1.49,2589400,105000,0,0
combustion,Toyota,YARIS CROSS "Z",hybrid,27.8,1.49,2992000,105000,0,0
combustion,Toyota,YARIS CROSS "Z" E-Four,hybrid,26,1.49,3239500,105000,0,0
combustion,Toyota,YARIS CROSS "Z" 2WD,gasoline,17.9,1.49,2621300,105000,0,0
combustion,Toyota,YARIS CROSS "Z" 4WD,gasoline,16.7,1.49,2984300,105000,0,0
combustion,Toyota,YARIS CROSS "Z Adventure",hybrid,27.8,1.49,3107500,105000,0,0
combustion,Toyota,YARIS CROSS "Z Adventure" E-Four,hybrid,26,1.49,3355000,105000,0,0
combustion,Toyota,YARIS CROSS "Z Adventure" 2WD,gasoline,17.9,1.49,2736800,105000,0,0
combustion,Toyota,YARIS CROSS "Z Adventure" 4WD,gasoline,16.7,1.49,2984300,105000,0,0
combustion,Toyota,RAIZE "X" 2WD,gasoline,20.7,1.196,1800700,100000,0,0
combustion,Toyota,RAIZE "X" 4WD,gasoline,17.4,0.996,2079000,100000,0,0
combustion,Toyota,RAIZE "G",hybrid,28.0,1.196,2263800,100000,0,0
combustion,Toyota,RAIZE "G" 2WD,gasoline,20.7,1.196,1958000,100000,0,0
combustion,Toyota,RAIZE "G" 4WD,gasoline,17.4,0.996,2235200,100000,0,0
combustion,Toyota,RAIZE "Z",hybrid,28.0,1.196,2442000,100000,0,0
combustion,Toyota,RAIZE "Z" 2WD,gasoline,20.7,1.196,2152700,100000,0,0
combustion,Toyota,RAIZE "Z" 4WD,gasoline,17.4,0.996,2413400,100000,0,0
combustion,Toyota,ROOMY "X" 2WD,gasoline,18.4,0.996,1742400,95000,0,0
combustion,Toyota,ROOMY "X" 4WD,gasoline,16.8,0.996,1918400,95000,0,0
combustion,Toyota,ROOMY "G" 2WD,gasoline,18.4,0.996,1939300,95000,0,0
combustion,Toyota,ROOMY "G" 4WD,gasoline,16.8,0.996,2115300,95000,0,0
combustion,Toyota,ROOMY "G-T",gasoline,16.8,0.996,2065800,95000,0,0
combustion,Toyota,ROOMY "CUSTOM G" 2WD,gasoline,18.4,0.996,2118600,95000,0,0
combustion,Toyota,ROOMY "CUSTOM G" 4WD,gasoline,16.8,0.996,2294600,95000,0,0
combustion,Toyota,ROOMY "CUSTOM G-T",gasoline,16.8,0.996,2257200,95000,0,0
combustion,Toyota,PIXIS EPOCH "B SA3" 2WD,gasoline,25.0,0.658,992200,80000,0,0
combustion,Toyota,PIXIS EPOCH "B SA3" 4WD,gasoline,23.2,0.658,1118700,80000,0,0
combustion,Toyota,PIXIS EPOCH "L SA3" 2WD,gasoline,25.0,0.658,1025200,80000,0,0
combustion,Toyota,PIXIS EPOCH "L SA3" 4WD,gasoline,23.2,0.658,1151700,80000,0,0
combustion,Toyota,PIXIS EPOCH "X SA3" 2WD,gasoline,25.0,0.658,1179200,80000,0,0
combustion,Toyota,PIXIS EPOCH "X SA3" 4WD,gasoline,23.2,0.658,1305700,80000,0,0
combustion,Toyota,PIXIS EPOCH "G SA3" 2WD,gasoline,25.0,0.658,1320000,80000,0,0
combustion,Toyota,PIXIS EPOCH "G SA3" 4WD,gasoline,23.2,0.658,1446500,80000,0,0
combustion,Toyota,COROLLA "X" 2WD,hybrid,30.2,1.797,2279200,110000,0,0
combustion,Toyota,COROLLA "X" E-Four,hybrid,28.1,1.797,2493700,110000,0,0
combustion,Toyota,COROLLA "G" 2WD,hybrid,30.2,1.797,2681800,110000,0,0
combustion,Toyota,COROLLA "G" E-Four,hybrid,28.1,1.797,2896300,110000,0,0
combustion,Toyota,COROLLA "W×B" 2WD,hybrid,27.9,1.797,3077800,110000,0,0
combustion,Toyota,COROLLA "W×B" E-Four,hybrid,25.3,1.797,3292300,110000,0,0
combustion,Toyota,COROLLA Touring "X" 2WD,hybrid,29.5,1.797,2359500,110000,0,0
combustion,Toyota,COROLLA Touring "X" E-Four,hybrid,27.8,1.797,2574000,110000,0,0
combustion,Toyota,COROLLA Touring "G" 2WD,hybrid,29.3,1.797,2762100,110000,0,0
combustion,Toyota,COROLLA Touring "G" E-Four,hybrid,27.5,1.797,2976600,110000,0,0
combustion,Toyota,COROLLA Touring "W×B" 2WD,hybrid,27.3,1.797,3128400,110000,0,0
combustion,Toyota,COROLLA Touring "W×B" E-Four,hybrid,24.9,1.797,3342900,110000,0,0
combustion,Toyota,COROLLA CROSS "G" 2WD,hybrid,26.4,1.797,2760000,110000,0,0
combustion,Toyota,COROLLA CROSS "G" E-Four,hybrid,24.6,1.797,3019000,110000,0,0
combustion,Toyota,COROLLA CROSS "S" 2WD,hybrid,26.4,1.797,2980000,110000,0,0
combustion,Toyota,COROLLA CROSS "S" E-Four,hybrid,24.6,1.797,3239000,110000,0,0
combustion,Toyota,COROLLA CROSS "Z" 2WD,hybrid,26.4,1.797,3430000,110000,0,0
combustion,Toyota,COROLLA CROSS "Z" E-Four,hybrid,24.6,1.797,3689000,110000,0,0
combustion,Toyota,COROLLA CROSS "GR SPORT",hybrid,23.3,1.986,3895000,110000,0,0
combustion,Toyota,PRIUS "G" 2WD,hybrid,28.6,1.986,3247300,110000,0,0
combustion,Toyota,PRIUS "G" E-Four,hybrid,26.7,1.986,3447500,110000,0,0
combustion,Toyota,PRIUS "Z" 2WD,hybrid,28.6,1.986,3870500,110000,0,0
combustion,Toyota,PRIUS "Z" E-Four,hybrid,26.7,1.986,4070700,110000,0,0
combustion,Toyota,RAV4 "Z",hybrid,22.5,2.487,4990000,120000,0,0
combustion,Toyota,RAV4 "Adventure",hybrid,22.9,2.487,4500000,120000,0,0
combustion,Toyota,HARRIER "G",hybrid,22.7,2.487,4301000,130000,0,0
combustion,Toyota,HARRIER "G" E-Four,hybrid,22.0,2.487,4521000,130000,0,0
combustion,Toyota,HARRIER "G" 2WD,gasoline,15.8,1.986,37103000,130000,0,0
combustion,Toyota,HARRIER "G" 4WD,gasoline,15.0,1.986,3910500,130000,0,0
combustion,Toyota,HARRIER "Z",hybrid,22.4,2.487,4770700,130000,0,0
combustion,Toyota,HARRIER "Z" E-Four,hybrid,21.7,2.487,4990700,130000,0,0
combustion,Toyota,HARRIER "Z" 2WD,gasoline,15.6,1.986,4180000,130000,0,0
combustion,Toyota,HARRIER "Z" 4WD,gasoline,14.8,1.986,4700300,130000,0,0
combustion,Toyota,LAND CRUISER 70 "AX",diesel,10.1,2.754,4800000,180000,0,0
combustion,Toyota,LAND CRUISER 250 "VX",gasoline,7.5,2.693,5450000,180000,0,0
combustion,Toyota,LAND CRUISER 300 "GX",gasoline,8.0,3.444,5252500,180000,0,0
combustion,Toyota,LAND CRUISER 300 "AX",gasoline,8.0,3.444,5630900,180000,0,0
combustion,Toyota,LAND CRUISER 300 "VX",gasoline,7.9,3.444,6436100,180000,0,0
combustion,Toyota,LAND CRUISER 300 "ZX",diesel,9.7,3.345,7736300,180000,0,0
combustion,Toyota,LAND CRUISER 300 "ZX",gasoline,7.9,3.444,7436000,180000,0,0
combustion,Toyota,LAND CRUISER 300 "GR SPORT",diesel,9.7,3.345,8136700,180000,0,0
combustion,Toyota,LAND CRUISER 300 "GR SPORT",gasoline,7.9,3.444,7836400,180000,0,0
combustion,Toyota,ALPHARD "X",hybrid,18.9,2.487,5100000,150000,0,0
combustion,Toyota,ALPHARD "X" E-Four,hybrid,17.5,2.487,5320000,150000,0,0
combustion,Toyota,ALPHARD "Z",hybrid,18.6,2.487,6350000,150000,0,0
combustion,Toyota,ALPHARD "Z" E-Four,hybrid,17.2,2.487,6570000,150000,0,0
combustion,Toyota,ALPHARD "Z" 2WD,gasoline,10.9,2.493,5550000,150000,0,0
combustion,Toyota,ALPHARD "Z" 4WD,gasoline,10.4,2.493,5748000,150000,0,0
combustion,Toyota,ALPHARD "Executive Lounge",hybrid,17.5,2.487,8600000,150000,0,0
combustion,Toyota,ALPHARD "Executive Lounge" E-Four,hybrid,16.5,2.487,8820000,150000,0,0
combustion,Toyota,VELLFIRE "Z Premier",hybrid,18.6,2.487,7050000,150000,0,0
combustion,Toyota,VELLFIRE "Z Premier" E-Four,hybrid,17.2,2.487,7270000,150000,0,0
combustion,Toyota,VELLFIRE "Z Premier" 2WD,gasoline,10.9,2.393,6700000,150000,0,0
combustion,Toyota,VELLFIRE "Z Premier" 4WD,gasoline,10.4,2.393,6898000,150000,0,0
combustion,Toyota,VELLFIRE "Executive Lounge",hybrid,17.5,2.487,8800000,150000,0,0
combustion,Toyota,VELLFIRE "Executive Lounge" E-Four,hybrid,16.5,2.487,9020000,150000,0,0
combustion,Toyota,NOAH "X",hybrid,23.4,1.797,3182300,120000,0,0
combustion,Toyota,NOAH "X" E-Four,hybrid,22.0,1.797,3402300,120000,0,0
combustion,Toyota,NOAH "X" 2WD,gasoline,15.0,1.986,2830300,120000,0,0
combustion,Toyota,NOAH "X" 4WD,gasoline,14.2,1.986,3028300,120000,0,0
combustion,Toyota,NOAH "S-G",hybrid,23.0,1.797,3545300,120000,0,0
combustion,Toyota,NOAH "S-G" E-Four,hybrid,22.0,1.797,3765300,120000,0,0
combustion,Toyota,NOAH "S-G" 2WD,gasoline,14.8,1.986,3195500,120000,0,0
combustion,Toyota,NOAH "S-G" 4WD,gasoline,14.1,1.986,3293500,120000,0,0
combustion,Toyota,NOAH "S-Z",hybrid,23.0,1.797,3929200,120000,0,0
combustion,Toyota,NOAH "S-Z" E-Four,hybrid,22.0,1.797,4149200,120000,0,0
combustion,Toyota,NOAH "S-Z" 2WD,gasoline,14.8,1.986,3579400,120000,0,0
combustion,Toyota,NOAH "S-Z" 4WD,gasoline,14.1,1.986,3777400,120000,0,0
combustion,Toyota,VOXY "S-G",hybrid,23.0,1.797,3595900,120000,0,0
combustion,Toyota,VOXY "S-G" E-Four,hybrid,22.0,1.797,3815900,120000,0,0
combustion,Toyota,VOXY "S-G" 2WD,gasoline,14.8,1.986,3246100,120000,0,0
combustion,Toyota,VOXY "S-G" 4WD,gasoline,14.1,1.986,3444100,120000,0,0
combustion,Toyota,VOXY "S-Z",hybrid,23.0,1.797,3999600,120000,0,0
combustion,Toyota,VOXY "S-Z" E-Four,hybrid,22.0,1.797,4219600,120000,0,0
combustion,Toyota,VOXY "S-Z" 2WD,gasoline,14.8,1.986,3649800,120000,0,0
combustion,Toyota,VOXY "S-Z" 4WD,gasoline,14.1,1.986,3847800,120000,0,0
combustion,Toyota,SIENTA "X",hybrid,28.0,1.490,2479400,105000,0,0
combustion,Toyota,SIENTA "X" E-Four,hybrid,24.8,1.490,2677400,105000,0,0
combustion,Toyota,SIENTA "X" 2WD,gasoline,18.3,1.490,2117500,105000,0,0
combustion,Toyota,SIENTA "G",hybrid,27.6,1.490,2814900,105000,0,0
combustion,Toyota,SIENTA "G" E-Four,hybrid,24.8,1.490,3012900,105000,0,0
combustion,Toyota,SIENTA "G" 2WD,gasoline,18.3,1.490,2464000,105000,0,0
combustion,Toyota,SIENTA "Z",hybrid,27.6,1.490,3124000,105000,0,0
combustion,Toyota,SIENTA "Z" E-Four,hybrid,24.8,1.490,3322000,105000,0,0
combustion,Toyota,SIENTA "Z" 2WD,gasoline,18.3,1.490,2773100,105000,0,0
combustion,Toyota,CROWN "Z",hybrid,18.0,2.487,7300000,140000,0,0
combustion,Toyota,CROWN CROSSOVER "G",hybrid,22.4,2.487,5150000,140000,0,0
combustion,Toyota,CROWN CROSSOVER "Z",hybrid,22.2,2.487,5950000,140000,0,0
combustion,Toyota,CROWN CROSSOVER "RS",hybrid,15.7,2.393,6700000,140000,0,0
combustion,Toyota,CROWN SPORT "G",hybrid,21.3,2.487,5200000,145000,0,0
combustion,Toyota,CROWN SPORT "Z",hybrid,21.3,2.487,5900000,145000,0,0
combustion,Toyota,CROWN ESTATE "Z",hybrid,20.3,2.487,6350000,145000,0,0
combustion,Toyota,CENTURY SEDAN,hybrid,11.2,4.968,23000000,250000,0,0
combustion,Toyota,GR YARIS "RZ" (6MT),gasoline,12.4,1.618,4537200,110000,0,0
combustion,Toyota,GR YARIS "RZ" (GR-DAT),gasoline,10.8,1.618,4887200,110000,0,0
combustion,Toyota,GR YARIS "RZ High performance" (6MT),gasoline,12.4,1.618,5037200,110000,0,0
combustion,Toyota,GR YARIS "RZ High performance" (GR-DAT),gasoline,10.8,1.618,5387200,110000,0,0
combustion,Toyota,GR YARIS "RZ High performance + Aero performance package" (6MT),gasoline,12.4,1.618,5532200,110000,0,0
combustion,Toyota,GR YARIS "RZ High performance + Aero performance package" (GR-DAT),gasoline,10.8,1.618,5882200,110000,0,0
combustion,Toyota,GR86 "RC",gasoline,12.0,2.387,2936000,120000,0,0
combustion,Toyota,GR86 "SZ" (6AT),gasoline,11.8,2.387,3293000,120000,0,0
combustion,Toyota,GR86 "SZ" (6MT),gasoline,12.0,2.387,3195000,120000,0,0
combustion,Toyota,GR86 "RZ" (6AT),gasoline,11.7,2.387,3616000,120000,0,0
combustion,Toyota,GR86 "RZ" (6MT),gasoline,11.9,2.387,3518000,120000,0,0
combustion,Toyota,GR COROLLA "R" (6MT),gasoline,12.4,1.618,5680000,110000,0,0
combustion,Toyota,GR COROLLA "R" (GR-DAT),gasoline,10.4,1.618,5980000,110000,0,0
combustion,Toyota,SUPRA "SZ",gasoline,14.5,1.998,4995000,140000,0,0
combustion,Toyota,SUPRA "SZ-R",gasoline,14.0,1.998,6013000,140000,0,0
combustion,Toyota,SUPRA "RZ" (6MT),gasoline,11.1,2.997,8000000,140000,0,0
combustion,Toyota,SUPRA "RZ" (8AT),gasoline,12.2,2.997,8000000,140000,0,0
combustion,Lexus,LBX "Elegant" FF,hybrid,28.0,1.490,4200000,110000,0,0
combustion,Lexus,LBX "Elegant" E-Four,hybrid,26.4,1.490,4460000,110000,0,0
combustion,Lexus,LBX "Active" FF,hybrid,27.7,1.490,4400000,110000,0,0
combustion,Lexus,LBX "Active" E-Four,hybrid,26.2,1.490,4660000,110000,0,0
combustion,Lexus,LBX "Relax" FF,hybrid,27.7,1.490,4600000,110000,0,0
combustion,Lexus,LBX "Relax" E-Four,hybrid,26.2,1.490,4860000,110000,0,0
combustion,Lexus,LBX "Cool" FF,hybrid,27.7,1.490,4600000,110000,0,0
combustion,Lexus,LBX "Cool" E-Four,hybrid,26.2,1.490,4860000,110000,0,0
combustion,Lexus,LBX "Bespoke Build" FF,hybrid,27.7,1.490,5500000,110000,0,0
combustion,Lexus,LBX "Bespoke Build" E-Four,hybrid,26.2,1.490,5760000,110000,0,0
combustion,Lexus,UX 300h "version C" FWD,hybrid,26.3,1.986,4903000,120000,0,0
combustion,Lexus,UX 300h "version C" AWD,hybrid,25.2,1.986,5168000,120000,0,0
combustion,Lexus,UX 300h "F SPORT" FWD,hybrid,24.7,1.986,5341000,120000,0,0
combustion,Lexus,UX 300h "F SPORT" AWD,hybrid,23.4,1.986,5606000,120000,0,0
combustion,Lexus,UX 300h "version L" FWD,hybrid,26.3,1.986,5492000,120000,0,0
combustion,Lexus,UX 300h "version L" AWD,hybrid,25.0,1.986,5757000,120000,0,0
combustion,Lexus,NX 350 "OVERTRAIL",gasoline,11.7,2.393,6506000,130000,0,0
combustion,Lexus,NX 350 "F SPORT",gasoline,11.7,2.393,6306000,130000,0,0
combustion,Lexus,NX 350h "OVERTRAIL",hybrid,20.1,2.487,6876000,135000,0,0
combustion,Lexus,NX 350h "F SPORT" FF,hybrid,20.9,2.487,6406000,135000,0,0
combustion,Lexus,NX 350h "F SPORT" AWD,hybrid,19.9,2.487,6676000,135000,0,0
combustion,Lexus,NX 350h "version L" FF,hybrid,20.9,2.487,6376000,135000,0,0
combustion,Lexus,NX 350h "version L" AWD,hybrid,19.9,2.487,6646000,135000,0,0
combustion,Lexus,RX 350 "F SPORT",gasoline,11.2,2.393,7130000,140000,0,0
combustion,Lexus,RX 350 "version L" FF,gasoline,11.8,2.393,6680000,140000,0,0
combustion,Lexus,RX 350 "version L" AWD,gasoline,11.2,2.393,7090000,140000,0,0
combustion,Lexus,RX 350h "version L" FF,hybrid,20.3,2.487,7600000,140000,0,0
combustion,Lexus,RX 350h "version L" AWD,hybrid,18.7,2.487,8110000,140000,0,0
combustion,Lexus,RX 500h "F SPORT Performance",gasoline,14.3,2.393,9030000,140000,0,0
combustion,Lexus,GX 550 "OVERTRAIL+",gasoline,8.1,3.444,11950000,160000,0,0
combustion,Lexus,GX 550 "version L",gasoline,8.1,3.444,12700000,160000,0,0
combustion,Lexus,LX 600 "OVERTRAIL+",gasoline,8.1,3.444,14900000,160000,0,0
combustion,Lexus,LX 600,gasoline,8.0,3.444,14500000,160000,0,0
combustion,Lexus,LX 600 "EXECUTIVE",gasoline,8.0,3.444,20000000,160000,0,0
combustion,Lexus,LX 700h "OVERTRAIL+",hybrid,9.3,3.444,15900000,160000,0,0
combustion,Lexus,LX 700h,hybrid,9.3,3.444,15900000,160000,0,0
combustion,Lexus,LX 700h "EXECUTIVE",hybrid,9.3,3.444,21000000,160000,0,0
combustion,Lexus,IS 300h "version L",hybrid,17.6,2.493,6100000,125000,0,0
combustion,Lexus,IS 300h "F SPORT Mode Black V",hybrid,17.6,2.493,6750000,125000,0,0
combustion,Lexus,IS 300h "F SPORT",hybrid,17.6,2.493,6350000,125000,0,0
combustion,Lexus,LS 500 "l package" FR,gasoline,10.1,3.444,11110000,180000,0,0
combustion,Lexus,LS 500 "l package" AWD,gasoline,9.5,3.444,11590000,180000,0,0
combustion,Lexus,LS 500 "F SPORT" FR,gasoline,10.1,3.444,12330000,180000,0,0
combustion,Lexus,LS 500 "F SPORT" AWD,gasoline,9.5,3.444,12810000,180000,0,0
combustion,Lexus,LS 500 "version L" FR,gasoline,10.1,3.444,14110000,180000,0,0
combustion,Lexus,LS 500 "version L" AWD,gasoline,9.5,3.444,14590000,180000,0,0
combustion,Lexus,LS 500 "EXECUTIVE" FR,gasoline,10.1,3.444,15790000,180000,0,0
combustion,Lexus,LS 500 "EXECUTIVE" AWD,gasoline,9.5,3.444,16270000,180000,0,0
combustion,Lexus,LS 500h "l package" FR,hybrid,13.6,3.456,12570000,180000,0,0
combustion,Lexus,LS 500h "l package" AWD,hybrid,12.5,3.456,13050000,180000,0,0
combustion,Lexus,LS 500h "F SPORT" FR,hybrid,13.6,3.456,13790000,180000,0,0
combustion,Lexus,LS 500h "F SPORT" AWD,hybrid,12.5,3.456,14270000,180000,0,0
combustion,Lexus,LS 500h "version L" FR,hybrid,13.6,3.456,15570000,180000,0,0
combustion,Lexus,LS 500h "version L" AWD,hybrid,12.5,3.456,16050000,180000,0,0
combustion,Lexus,LS 500h "EXECUTIVE" FR,hybrid,13.6,3.456,17250000,180000,0,0
combustion,Lexus,LS 500h "EXECUTIVE" AWD,hybrid,12.5,3.456,17730000,180000,0,0
combustion,Lexus,LC 500 "Convertible",gasoline,8.0,4.968,15550000,200000,0,0
combustion,Lexus,LC 500 "L package",gasoline,8.4,4.968,14100000,200000,0,0
combustion,Lexus,LC 500,gasoline,8.4,4.968,14100000,200000,0,0
combustion,Lexus,LC 500 "S package",gasoline,8.4,4.968,14930000,200000,0,0
combustion,Lexus,LC 500h "L package",hybrid,14.4,3.456,14550000,200000,0,0
combustion,Lexus,LC 500h,hybrid,14.4,3.456,14550000,200000,0,0
combustion,Lexus,LC 500h "S package",hybrid,14.4,3.456,15380000,200000,0,0
combustion,Lexus,LM 500h "version L",hybrid,13.8,2.393,15200000,150000,0,0
combustion,Lexus,LM 500h "EXECUTIVE",hybrid,13.3,2.393,20300000,150000,0,0
combustion,Daihatsu,COPEN "Robe" CVT,gasoline,19.2,0.658,1983300,85000,0,0
combustion,Daihatsu,COPEN "Robe" (5MT),gasoline,18.6,0.658,2038300,85000,0,0
combustion,Daihatsu,COPEN "Robe S" CVT,gasoline,19.2,0.658,2196700,85000,0,0
combustion,Daihatsu,COPEN "Robe S" (5MT),gasoline,18.6,0.658,2251700,85000,0,0
combustion,Daihatsu,COPEN "Cero" CVT,gasoline,19.2,0.658,2040500,85000,0,0
combustion,Daihatsu,COPEN "Cero" (5MT),gasoline,18.6,0.658,2095500,85000,0,0
combustion,Daihatsu,COPEN "Cero S" CVT,gasoline,19.2,0.658,2255000,85000,0,0
combustion,Daihatsu,COPEN "Cero S" (5MT),gasoline,18.6,0.658,2310000,85000,0,0
combustion,Daihatsu,COPEN "GR SPORT" CVT,gasoline,19.2,0.658,2501400,85000,0,0
combustion,Daihatsu,COPEN "GR SPORT" (5MT),gasoline,18.6,0.658,2556400,85000,0,0
combustion,Daihatsu,MIRA e:S "B SA3" 2WD,gasoline,35.2,0.658,992200,80000,0,0
combustion,Daihatsu,MIRA e:S "B SA3" 4WD,gasoline,32.2,0.658,1118700,80000,0,0
combustion,Daihatsu,MIRA e:S "L SA3" 2WD,gasoline,35.2,0.658,1025200,80000,0,0
combustion,Daihatsu,MIRA e:S "L SA3" 4WD,gasoline,32.2,0.658,1151700,80000,0,0
combustion,Daihatsu,MIRA e:S "G SA3" 2WD,gasoline,34.2,0.658,1179200,80000,0,0
combustion,Daihatsu,MIRA e:S "G SA3" 4WD,gasoline,32.2,0.658,1305700,80000,0,0
combustion,Daihatsu,MIRA e:S "X SA3" 2WD,gasoline,34.2,0.658,1320000,80000,0,0
combustion,Daihatsu,MIRA e:S "X SA3" 4WD,gasoline,32.2,0.658,1446500,80000,0,0
combustion,Daihatsu,TAFT "X" 2WD,gasoline,21.4,0.658,1419000,100000,0,0
combustion,Daihatsu,TAFT "X" 4WD,gasoline,21.1,0.658,1545500,100000,0,0
combustion,Daihatsu,TAFT "X turbo" 2WD,gasoline,21.3,0.658,1512500,100000,0,0
combustion,Daihatsu,TAFT "X turbo" 4WD,gasoline,21.1,0.658,1639000,100000,0,0
combustion,Daihatsu,TAFT "G" 2WD,gasoline,21.4,0.658,1606000,100000,0,0
combustion,Daihatsu,TAFT "G" 4WD,gasoline,21.1,0.658,1732500,100000,0,0
combustion,Daihatsu,TAFT "G turbo" 2WD,gasoline,21.3,0.658,1688500,100000,0,0
combustion,Daihatsu,TAFT "G turbo" 4WD,gasoline,21.1,0.658,1815000,100000,0,0
combustion,Daihatsu,MOVE "L" 2WD,gasoline,25.3,0.658,1358500,80000,0,0
combustion,Daihatsu,MOVE "L" 4WD,gasoline,23.8,0.658,1485000,80000,0,0
combustion,Daihatsu,MOVE "X" 2WD,gasoline,25.3,0.658,1490500,80000,0,0
combustion,Daihatsu,MOVE "X" 4WD,gasoline,23.8,0.658,1617000,80000,0,0
combustion,Daihatsu,MOVE "G" 2WD,gasoline,25.3,0.658,1716000,80000,0,0
combustion,Daihatsu,MOVE "G" 4WD,gasoline,23.8,0.658,1842500,80000,0,0
combustion,Daihatsu,MOVE "RS" 2WD,gasoline,24.3,0.658,1897500,80000,0,0
combustion,Daihatsu,MOVE "RS" 4WD,gasoline,23.0,0.658,2024000,80000,0,0
combustion,Daihatsu,MOVE CANBUS "X" 2WD,gasoline,25.7,0.658,1573000,80000,0,0
combustion,Daihatsu,MOVE CANBUS "X" 4WD,gasoline,24.7,0.658,1699500,80000,0,0
combustion,Daihatsu,MOVE CANBUS "G" 2WD,gasoline,25.7,0.658,1754500,80000,0,0
combustion,Daihatsu,MOVE CANBUS "G" 4WD,gasoline,24.7,0.658,1881000,80000,0,0
combustion,Daihatsu,MOVE CANBUS "G turbo" 2WD,gasoline,25.2,0.658,1881000,80000,0,0
combustion,Daihatsu,MOVE CANBUS "G turbo" 4WD,gasoline,24.5,0.658,2007500,80000,0,0
combustion,Daihatsu,TANTO "L" 2WD,gasoline,26.4,0.658,1485000,80000,0,0
combustion,Daihatsu,TANTO "L" 4WD,gasoline,25.1,0.658,1611500,80000,0,0
combustion,Daihatsu,TANTO "X" 2WD,gasoline,26.4,0.658,1617000,80000,0,0
combustion,Daihatsu,TANTO "X" 4WD,gasoline,25.1,0.658,1738000,80000,0,0
combustion,Daihatsu,TANTO "X turbo" 2WD,gasoline,24.3,0.658,1732500,80000,0,0
combustion,Daihatsu,TANTO "X turbo" 4WD,gasoline,24.3,0.658,1853500,80000,0,0
combustion,Daihatsu,TANTO CUSTOM "X" 2WD,gasoline,26.4,0.658,1870000,80000,0,0
combustion,Daihatsu,TANTO CUSTOM "X" 4WD,gasoline,25.1,0.658,1991000,80000,0,0
combustion,Daihatsu,TANTO CUSTOM "RS" 2WD,gasoline,24.3,0.658,1963500,80000,0,0
combustion,Daihatsu,TANTO CUSTOM "RS" 4WD,gasoline,24.3,0.658,2084500,80000,0,0
combustion,Daihatsu,TANTO FUNCROSS 2WD,gasoline,21.9,0.658,1809500,80000,0,0
combustion,Daihatsu,TANTO FUNCROSS 4WD,gasoline,21.4,0.658,1930500,80000,0,0
combustion,Daihatsu,TANTO FUNCROSS TURBO 2WD,gasoline,20.6,0.658,1903000,80000,0,0
combustion,Daihatsu,TANTO FUNCROSS TURBO 4WD,gasoline,19.6,0.658,2024000,80000,0,0
combustion,Daihatsu,ROCKY "L" 2WD,gasoline,20.7,1.196,1761100,100000,0,0
combustion,Daihatsu,ROCKY "L" 4WD,gasoline,17.4,0.996,2038400,100000,0,0
combustion,Daihatsu,ROCKY "X" 2WD,gasoline,20.7,1.196,1951400,100000,0,0
combustion,Daihatsu,ROCKY "X" 4WD,gasoline,17.4,0.996,2187900,100000,0,0
combustion,Daihatsu,ROCKY "X HEV" 2WD,hybrid,28.0,1.196,2216500,100000,0,0
combustion,Daihatsu,ROCKY "X HEV" 4WD,hybrid,17.4,1.196,2253900,100000,0,0
combustion,Daihatsu,ROCKY "Premium G" 2WD,gasoline,20.7,1.196,2171400,100000,0,0
combustion,Daihatsu,ROCKY "Premium G" 4WD,gasoline,17.4,0.996,2432100,100000,0,0
combustion,Daihatsu,ROCKY "Premium G HEV" 2WD,hybrid,28.0,1.196,2460700,100000,0,0
combustion,Daihatsu,ROCKY "Premium G HEV" 4WD,hybrid,17.4,1.196,2481600,100000,0,0
combustion,Daihatsu,THOR "X" 2WD,gasoline,18.4,0.996,1742400,100000,0,0
combustion,Daihatsu,THOR "X" 4WD,gasoline,16.8,0.996,1918400,100000,0,0
combustion,Daihatsu,THOR "G" 2WD,gasoline,18.4,0.996,1939300,100000,0,0
combustion,Daihatsu,THOR "G" 4WD,gasoline,16.8,0.996,2115300,100000,0,0
combustion,Daihatsu,THOR "G" TURBO,gasoline,16.8,0.996,2065800,100000,0,0
combustion,Daihatsu,THOR "CUSTOM G" 2WD,gasoline,18.4,0.996,2118600,100000,0,0
combustion,Daihatsu,THOR "CUSTOM G" 4WD,gasoline,16.8,0.996,2294600,100000,0,0
combustion,Daihatsu,THOR "CUSTOM G" TURBO,gasoline,16.8,0.996,2257200,100000,0,0
combustion,Honda,N-BOX FF,gasoline,21.6,0.658,1739100,80000,0,0
combustion,Honda,N-BOX 4WD,gasoline,19.4,0.658,1872200,80000,0,0
combustion,Honda,N-BOX "Joy" FF,gasoline,21.3,0,1982200,80000,0,0
combustion,Honda,N-BOX "Joy" 4WD,gasoline,19.3,0.658,2115300,80000,0,0
combustion,Honda,N-BOX "Joy" TURBO FF,gasoline,20.2,0.658,2191200,80000,0,0
combustion,Honda,N-BOX "Joy"  TURBO 4WD,gasoline,18.4,0.658,2324300,80000,0,0
combustion,Honda,N-BOX "CUSTOM" FF,gasoline,21.5,0.658,1923900,80000,0,0
combustion,Honda,N-BOX "CUSTOM" 4WD,gasoline,19.4,0.658,2057000,80000,0,0
combustion,Honda,N-BOX "CUSTOM" turbo FF,gasoline,20.3,0.658,2129600,80000,0,0
combustion,Honda,N-BOX "CUSTOM"  turbo 4WD,gasoline,18.4,0.658,2262700,80000,0,0
combustion,Honda,N-WGN "L" FF,gasoline,23.0,0.658,1576300,80000,0,0
combustion,Honda,N-WGN "L" 4WD,gasoline,20.7,0.658,1721500,80000,0,0
combustion,Honda,N-WGN CUSTOM "L" FF,gasoline,23.1,0.658,1794100,80000,0,0
combustion,Honda,N-WGN CUSTOM "L" 4WD,gasoline,20.6,0.658,1939300,80000,0,0
combustion,Honda,N-WGN CUSTOM "L TURBO" FF,gasoline,21.7,0.658,1912900,80000,0,0
combustion,Honda,N-WGN CUSTOM "L TURBO" 4WD,gasoline,19.5,0.658,2058100,80000,0,0
combustion,Honda,N-ONE "Original" FF,gasoline,23.2,0.658,1767700,80000,0,0
combustion,Honda,N-ONE "Original" 4WD,gasoline,21.0,0.658,1912900,80000,0,0
combustion,Honda,N-ONE "Premium" FF,gasoline,23.2,0.658,1966800,80000,0,0
combustion,Honda,N-ONE "Premium" 4WD,gasoline,21.0,0.658,2112000,80000,0,0
combustion,Honda,N-ONE "RS",gasoline,21.6,0.658,2278100,80000,0,0
combustion,Honda,N-ONE "Premium Tourer" FF,gasoline,21.9,0.658,2173600,80000,0,0
combustion,Honda,N-ONE "Premium Tourer" 4WD,gasoline,19.8,0.658,2318800,80000,0,0
combustion,Honda,N-VAN "G" (6MT) FF,gasoline,19.2,0.658,1498200,80000,0,0
combustion,Honda,N-VAN "G" (6MT) 4WD,gasoline,17.2,0.658,1643400,80000,0,0
combustion,Honda,N-VAN "G" FF,gasoline,18.8,0.658,1498200,80000,0,0
combustion,Honda,N-VAN "G" 4WD,gasoline,16.6,0.658,1643400,80000,0,0
combustion,Honda,N-VAN "L" FF,gasoline,18.8,0.658,1648900,80000,0,0
combustion,Honda,N-VAN "L" 4WD,gasoline,16.6,0.658,1794100,80000,0,0
combustion,Honda,N-VAN "FUN" (6MT) FF,gasoline,19.2,0.658,1900800,80000,0,0
combustion,Honda,N-VAN "FUN" (6MT) 4WD,gasoline,17.2,0.658,2046000,80000,0,0
combustion,Honda,N-VAN "FUN" FF,gasoline,18.8,0.658,1900800,80000,0,0
combustion,Honda,N-VAN "FUN" 4WD,gasoline,16.6,0.658,2046000,80000,0,0
combustion,Honda,N-VAN "FUN TURBO" FF,gasoline,18.2,0.658,2024000,80000,0,0
combustion,Honda,N-VAN "FUN TURBO" 4WD,gasoline,16.0,0.658,2169200,80000,0,0
combustion,Honda,N-VAN "FUN NATURE STYLE" FF,gasoline,18.8,0.658,2000900,80000,0,0
combustion,Honda,N-VAN "FUN NATURE STYLE" 4WD,gasoline,16.6,0.658,2146100,80000,0,0
combustion,Honda,N-VAN "FUN NATURE STYLE TURBO" FF,gasoline,18.2,0.658,2124100,80000,0,0
combustion,Honda,N-VAN "FUN NATURE STYLE TURBO" 4WD,gasoline,16.0,0.658,2269300,80000,0,0
combustion,Honda,FIT "BASIC" FF,gasoline,18.7,1.496,1776500,100000,0,0
combustion,Honda,FIT "BASIC" 4WD,gasoline,16.6,1.496,1985500,100000,0,0
combustion,Honda,FIT "e:HEV BASIC" FF,hybrid,30.2,1.496,2208800,100000,0,0
combustion,Honda,FIT "e:HEV BASIC" 4WD,hybrid,25.4,1.496,2417800,100000,0,0
combustion,Honda,FIT "HOME" FF,gasoline,18.5,1.496,2050400,100000,0,0
combustion,Honda,FIT "HOME" 4WD,gasoline,16.6,1.496,2258300,100000,0,0
combustion,Honda,FIT "e:HEV HOME" FF,hybrid,29.0,1.496,2404500,100000,0,0
combustion,Honda,FIT "e:HEV HOME" 4WD,hybrid,25.3,1.496,2615800,100000,0,0
combustion,Honda,FIT "RS" FF,gasoline,17.9,1.496,2218700,100000,0,0
combustion,Honda,FIT "e:HEV RS" FF,hybrid,27.2,1.496,2616900,100000,0,0
combustion,Honda,FIT "CROSSTAR" FF,gasoline,17.6,1.496,2363900,100000,0,0
combustion,Honda,FIT "CROSSTAR" 4WD,gasoline,16.1,1.496,2574000,100000,0,0
combustion,Honda,FIT "e:HEV CROSSTAR" FF,hybrid,27.1,1.496,2710400,100000,0,0
combustion,Honda,FIT "e:HEV CROSSTAR" 4WD,hybrid,24.2,1.496,2920500,100000,0,0
combustion,Honda,FIT "LUXE" FF,gasoline,17.9,1.496,2370500,100000,0,0
combustion,Honda,FIT "LUXE" 4WD,gasoline,16.0,1.496,2578400,100000,0,0
combustion,Honda,FIT "e:HEV LUXE" FF,hybrid,27.6,1.496,2719200,100000,0,0
combustion,Honda,FIT "e:HEV LUXE" 4WD,hybrid,23.5,1.496,2929300,100000,0,0
combustion,Honda,VEZEL "e:HEV X" FF,hybrid,26.0,1.496,2998600,115000,0,0
combustion,Honda,VEZEL "e:HEV X" 4WD,hybrid,21.5,1.496,3218600,115000,0,0
combustion,Honda,VEZEL "e:HEV Z" FF,hybrid,25.3,1.496,3268100,115000,0,0
combustion,Honda,VEZEL "e:HEV Z" 4WD,hybrid,21.3,1.496,3488100,115000,0,0
combustion,Honda,VEZEL "e:HEV RS" FF,hybrid,25.4,1.496,3748800,115000,0,0
combustion,Honda,VEZEL "e:HEV RS" 4WD,hybrid,21.4,1.496,3968800,115000,0,0
combustion,Honda,VEZEL "G" 4WD,gasoline,15.0,1.496,2758800,115000,0,0
combustion,Honda,CR-V "e:HEV RS" FF,hybrid,19.8,1.993,5122700,115000,0,0
combustion,Honda,CR-V "e:HEV RS" 4WD,hybrid,18.2,1.993,5392200,115000,0,0
combustion,Honda,CR-V "e:HEV RS BLACK EDITION",hybrid,18.0,1.993,5779400,115000,0,0
combustion,Honda,ZR-V "e:HEV X" FF,hybrid,22.1,1.993,3707000,115000,0,0
combustion,Honda,ZR-V "e:HEV X" 4WD,hybrid,20.8,1.993,3927000,115000,0,0
combustion,Honda,ZR-V "e:HEV Z" FF,hybrid,22.0,1.993,4307600,115000,0,0
combustion,Honda,ZR-V "e:HEV Z" 4WD,hybrid,20.5,1.993,4527600,115000,0,0
combustion,Honda,ZR-V "e:HEV Z BLACK STYLE" FF,hybrid,22.0,1.993,4479200,115000,0,0
combustion,Honda,ZR-V "e:HEV Z BLACK STYLE" 4WD,hybrid,20.5,1.993,4677200,115000,0,0
combustion,Honda,ZR-V "e:HEV Z CROSS TOURING" FF,hybrid,22.0,1.993,4529800,115000,0,0
combustion,Honda,ZR-V "e:HEV Z CROSS TOURING" 4WD,hybrid,20.5,1.993,4727800,115000,0,0
combustion,Honda,WR-V "X",gasoline,16.4,1.496,2149400,115000,0,0
combustion,Honda,WR-V "Z",gasoline,16.2,1.496,2398000,115000,0,0
combustion,Honda,WR-V "Z BLACK STYLE",gasoline,16.2,1.496,2483800,115000,0,0
combustion,Honda,WR-V "Z+",gasoline,16.2,1.496,2549800,115000,0,0
combustion,Honda,WR-V "Z+ BLACK STYLE",gasoline,16.2,1.496,2580600,115000,0,0
combustion,Honda,FREED "AIR" FF,gasoline,16.5,1.496,2623500,110000,0,0
combustion,Honda,FREED "AIR" 4WD,gasoline,14.5,1.496,2854500,110000,0,0
combustion,Honda,FREED "AIR EX" FF,gasoline,16.4,1.496,2812700,110000,0,0
combustion,Honda,FREED "AIR EX" 4WD,gasoline,14.4,1.496,3043700,110000,0,0
combustion,Honda,FREED "CROSSATR" FF,gasoline,16.4,1.496,2928200,110000,0,0
combustion,Honda,FREED "CROSSTAR" 4WD,gasoline,14.4,1.496,3159200,110000,0,0
combustion,Honda,FREED "e:HEV AIR" FF,hybrid,25.6,1.496,3022800,110000,0,0
combustion,Honda,FREED "e:HEV AIR" 4WD,hybrid,21.3,1.496,3253800,110000,0,0
combustion,Honda,FREED "e:HEV AIR EX" FF,hybrid,25.4,1.496,3212000,110000,0,0
combustion,Honda,FREED "e:HEV AIR EX" 4WD,hybrid,21.2,1.496,3443000,110000,0,0
combustion,Honda,FREED "e:HEV CROSSATR" FF,hybrid,125.5,1.496,3327500,110000,0,0
combustion,Honda,FREED "e:HEV CROSSTAR" 4WD,hybrid,21.3,1.496,3558500,110000,0,0
combustion,Honda,STEP WGN "AIR",gasoline,13.2,1.496,3348400,115000,0,0
combustion,Honda,STEP WGN "AIR EX" FF,gasoline,13.1,1.496,3543100,115000,0,0
combustion,Honda,STEP WGN "AIR EX" 4WD,gasoline,12.2,1.496,3763100,115000,0,0
combustion,Honda,STEP WGN "SPADA" FF,gasoline,12.9,1.496,3603600,115000,0,0
combustion,Honda,STEP WGN "SPADA" 4WD,gasoline,12.1,1.496,3823600,115000,0,0
combustion,Honda,STEP WGN "SPADA PREMIUM LINE" FF,gasoline,12.5,1.496,3873100,115000,0,0
combustion,Honda,STEP WGN "SPADA PREMIUM LINE" 4WD,gasoline,12.1,1.496,4063400,115000,0,0
combustion,Honda,STEP WGN "e:HEV AIR EX",hybrid,19.8,1.993,3938000,115000,0,0
combustion,Honda,STEP WGN "e:HEV SPADA",hybrid,19.6,1.993,3998500,115000,0,0
combustion,Honda,STEP WGN "e:HEV SPADA PREMIUM LINE",hybrid,19.5,1.993,4268000,115000,0,0
combustion,Honda,STEP WGN "e:HEV SPADA PREMIUM LINE BLACK EDITION",hybrid,19.5,1.993,4406600,115000,0,0
combustion,Honda,ODYSSEY "e:HEV ABSOLUTE",hybrid,19.9,1.993,5086400,115000,0,0
combustion,Honda,ODYSSEY "e:HEV ABSOLUTE EX",hybrid,19.6,1.993,5286600,115000,0,0
combustion,Honda,ODYSSEY "e:HEV ABSOLUTE EX BLACK EDITION",hybrid,19.6,1.993,5450500,115000,0,0
combustion,Honda,ACCORD "e:HEV",hybrid,23.8,1.993,5599000,130000,0,0
combustion,Honda,ACCORD "e:HEV Honda SENSING 360+",hybrid,23.8,1.993,5999400,130000,0,0
combustion,Honda,CIVIC "LX",gasoline,15.7,1.496,3544200,110000,0,0
combustion,Honda,CIVIC "EX",gasoline,15.7,1.496,3894000,110000,0,0
combustion,Honda,CIVIC "RS",gasoline,15.3,1.496,4398900,110000,0,0
combustion,Honda,CIVIC "e:HEV LX",hybrid,24.2,1.993,4094200,110000,0,0
combustion,Honda,CIVIC "e:HEV EX",hybrid,24.2,1.993,4403300,110000,0,0
combustion,Honda,CIVIC TYPE R,gasoline,12.5,1.995,4997300,110000,0,0
combustion,Honda,CIVIC TYPE R "RACING BLACK Packeage",gasoline,12.5,1.995,6179800,110000,0,0
combustion,Nissan,NOTE "X",hybrid,28.4,1.198,2328700,105000,0,0
combustion,Nissan,NOTE "X FOUR",hybrid,23.8,1.198,2614700,105000,0,0
combustion,Nissan,NOTE "AUTECH LINE",hybrid,27.6,1.198,2438700,105000,0,0
combustion,Nissan,NOTE "AUTECH LINE FOUR",hybrid,23.0,1.198,2724700,105000,0,0
combustion,Nissan,AURA "G",hybrid,27.2,1.198,2821500,105000,0,0
combustion,Nissan,AURA "G FOUR",hybrid,22.7,1.198,3107500,105000,0,0
combustion,Nissan,AURA "G FOUR leather edition",hybrid,22.7,1.198,3198800,105000,0,0
combustion,Nissan,AURA "NISMO",hybrid,23.3,1.198,3125100,105000,0,0
combustion,Nissan,X-TRAIL "S",hybrid,19.4,1.497,3843400,115000,0,0
combustion,Nissan,X-TRAIL "S e-4ORCE",hybrid,18.1,1.497,4038100,115000,0,0
combustion,Nissan,X-TRAIL "X",hybrid,19.4,1.497,4049100,115000,0,0
combustion,Nissan,X-TRAIL "X e-4ORCE",hybrid,18.1,1.497,4349400,115000,0,0
combustion,Nissan,X-TRAIL "G",hybrid,19.4,1.497,4646400,115000,0,0
combustion,Nissan,X-TRAIL "G e-4ORCE",hybrid,18.1,1.497,4946700,115000,0,0
combustion,Nissan,KICKS "X",hybrid,23.0,1.198,3083300,105000,0,0
combustion,Nissan,KICKS "X FOUR",hybrid,19.2,1.198,3346200,105000,0,0
combustion,Nissan,KICKS "X Two-Tone Interior Edition",hybrid,23.0,1.198,3218600,105000,0,0
combustion,Nissan,KICKS "X Two-Tone Interior Edition FOUR",hybrid,19.2,1.198,3481500,105000,0,0
combustion,Nissan,FAIRLADY Z (6MT),gasoline,9.5,2.997,5497800,150000,0,0
combustion,Nissan,FAIRLADY Z "version S" (6MT),gasoline,9.5,2.997,6347000,150000,0,0
combustion,Nissan,FAIRLADY Z "version ST" (6MT),gasoline,9.5,2.997,6759500,150000,0,0
combustion,Nissan,FAIRLADY Z,gasoline,10.2,2.997,5497800,150000,0,0
combustion,Nissan,FAIRLADY Z "version T",gasoline,10.2,2.997,5959800,150000,0,0
combustion,Nissan,FAIRLADY Z "version ST",gasoline,10.2,2.997,6759500,150000,0,0
combustion,Nissan,FAIRLADY Z "NISMO",gasoline,9.2,2.997,9352200,150000,0,0
combustion,Nissan,ROOX "S" 2WD,gasoline,21.0,0.659,1672000,80000,0,0
combustion,Nissan,ROOX "S" 4WD,gasoline,18.8,0.659,1822700,80000,0,0
combustion,Nissan,ROOX "X" 2WD,gasoline,21.0,0.659,1739100,80000,0,0
combustion,Nissan,ROOX "X" 4WD,gasoline,18.8,0.659,1889800,80000,0,0
combustion,Nissan,ROOX "Highway STAR X" 2WD,gasoline,21.0,0.659,1919500,80000,0,0
combustion,Nissan,ROOX "Highway STAR X" 4WD,gasoline,18.8,0.659,2033900,80000,0,0
combustion,Nissan,ROOX "Highway STAR X ProPILOT Edition" 2WD,gasoline,21.0,0.659,1919500,80000,0,0
combustion,Nissan,ROOX "Highway STAR X ProPILOT Edition" 4WD,gasoline,18.8,0.659,2033900,80000,0,0
combustion,Nissan,ROOX "Highway STAR G TURBO" 2WD,gasoline,19.3,0.659,2159300,80000,0,0
combustion,Nissan,ROOX "Highway STAR G TURBO" 4WD,gasoline,17.4,0.659,2273700,80000,0,0
combustion,Nissan,ROOX "Highway STAR G TURBO ProPILOT Edition" 2WD,gasoline,19.3,0.659,2249500,80000,0,0
combustion,Nissan,ROOX "Highway STAR G TURBO ProPILOT Edition" 4WD,gasoline,17.4,0.659,2363900,80000,0,0
combustion,Nissan,DAYZ "S" 2WD,gasoline,23.2,0.659,1437700,80000,0,0
combustion,Nissan,DAYZ "S" 4WD,gasoline,21.0,0.659,1588400,80000,0,0
combustion,Nissan,DAYZ "X" 2WD,gasoline,23.2,0.659,1478400,80000,0,0
combustion,Nissan,DAYZ "X" 4WD,gasoline,21.0,0.659,1629100,80000,0,0
combustion,Nissan,DAYZ "Highway STAR X" 2WD,gasoline,23.3,0.659,1698400,80000,0,0
combustion,Nissan,DAYZ "Highway STAR X" 4WD,gasoline,21.1,0.659,1849100,80000,0,0
combustion,Nissan,DAYZ "Highway STAR X ProPILOT Edition" 2WD,gasoline,23.3,0.659,1798500,80000,0,0
combustion,Nissan,DAYZ "Highway STAR X ProPILOT Edition" 4WD,gasoline,21.1,0.659,1949200,80000,0,0
combustion,Nissan,DAYZ "Highway STAR G TURBO" 2WD,gasoline,21.5,0.659,1838100,80000,0,0
combustion,Nissan,DAYZ "Highway STAR G TURBO" 4WD,gasoline,19.4,0.659,1988800,80000,0,0
combustion,Nissan,DAYZ "Highway STAR G TURBO ProPILOT Edition" 2WD,gasoline,21.5,0.659,1929400,80000,0,0
combustion,Nissan,DAYZ "Highway STAR G TURBO ProPILOT Edition" 4WD,gasoline,19.4,0.659,2080100,80000,0,0
combustion,Nissan,DAYZ "Highway STAR X Urban CHROME" 2WD,gasoline,23.3,0.659,1764400,80000,0,0
combustion,Nissan,DAYZ "Highway STAR X Urban CHROME" 4WD,gasoline,21.1,0.659,1915100,80000,0,0
combustion,Nissan,DAYZ "Highway STAR X Urban CHROME ProPILOT Edition" 2WD,gasoline,23.3,0.659,1864500,80000,0,0
combustion,Nissan,DAYZ "Highway STAR X Urban CHROME ProPILOT Edition" 4WD,gasoline,21.1,0.659,2015200,80000,0,0
combustion,Nissan,DAYZ "Highway STAR G TURBO Urban CHROME" 2WD,gasoline,21.5,0.659,1915100,80000,0,0
combustion,Nissan,DAYZ "Highway STAR G TURBO Urban CHROME" 4WD,gasoline,19.4,0.659,2065800,80000,0,0
combustion,Nissan,DAYZ "Highway STAR G TURBO Urban CHROME ProPILOT Edition" 2WD,gasoline,21.5,0.659,2006400,80000,0,0
combustion,Nissan,DAYZ "Highway STAR G TURBO Urban CHROME ProPILOT Edition" 4WD,gasoline,19.4,0.659,2157100,80000,0,0
combustion,Nissan,DAYZ "Bolero" 2WD,gasoline,23.2,0.659,1600500,80000,0,0
combustion,Nissan,DAYZ "Bolero" 4WD,gasoline,21.0,0.659,1751200,80000,0,0
combustion,Nissan,CLIPPER RIO "E" 2WD,gasoline,15.1,0.658,1953600,80000,0,0
combustion,Nissan,CLIPPER RIO "E" 4WD,gasoline,15.1,0.658,2107600,80000,0,0
combustion,Nissan,CLIPPER RIO "G" 2WD,gasoline,15.1,0.658,2027300,80000,0,0
combustion,Nissan,CLIPPER RIO "G" 4WD,gasoline,15.1,0.658,2181300,80000,0,0
combustion,Nissan,ELGRAND "250 Highway STAR S" 2WD,gasoline,10.0,2.488,4082100,160000,0,0
combustion,Nissan,ELGRAND "250 Highway STAR S" 4WD,gasoline,9.7,2.488,4381300,160000,0,0
combustion,Nissan,ELGRAND "250 Highway STAR Premium" 2WD,gasoline,10.0,2.488,4841100,160000,0,0
combustion,Nissan,ELGRAND "250 Highway STAR Premium" 4WD,gasoline,9.7,2.488,5141400,160000,0,0
combustion,Nissan,ELGRAND "250 Highway STAR S Urban CHROME" 2WD,gasoline,10.0,2.488,4395600,160000,0,0
combustion,Nissan,ELGRAND "250 Highway STAR S Urban CHROME" 4WD,gasoline,9.7,2.488,4694800,160000,0,0
combustion,Nissan,ELGRAND "250 Highway STAR Premium Urban CHROME" 2WD,gasoline,10.0,2.488,5077600,160000,0,0
combustion,Nissan,ELGRAND "250 Highway STAR Premium Urban CHROME" 4WD,gasoline,9.7,2.488,5377900,160000,0,0
combustion,Nissan,ELGRAND "350 Highway STAR" 2WD,gasoline,8.7,3.498,4871900,160000,0,0
combustion,Nissan,ELGRAND "350 Highway STAR" 4WD,gasoline,8.4,3.498,5161200,160000,0,0
combustion,Nissan,ELGRAND "350 Highway STAR Premium" 2WD,gasoline,8.7,3.498,5441700,160000,0,0
combustion,Nissan,ELGRAND "350 Highway STAR Premium" 4WD,gasoline,8.4,3.498,5742000,160000,0,0
combustion,Nissan,ELGRAND "350 Highway STAR Urban CHROME" 2WD,gasoline,8.7,3.498,5108400,160000,0,0
combustion,Nissan,ELGRAND "350 Highway STAR Urban CHROME" 4WD,gasoline,8.4,3.498,5397700,160000,0,0
combustion,Nissan,ELGRAND "350 Highway STAR Premium Urban CHROME" 2WD,gasoline,8.7,3.498,5678200,160000,0,0
combustion,Nissan,ELGRAND "350 Highway STAR Premium Urban CHROME" 4WD,gasoline,8.4,3.498,5978500,160000,0,0
combustion,Nissan,SERENA "X" 2WD,gasoline,13.0,1.997,2785200,120000,0,0
combustion,Nissan,SERENA "X" 4WD,gasoline,11.6,1.997,2990900,120000,0,0
combustion,Nissan,SERENA "X XV package" 2WD,gasoline,13.0,1.997,3043700,120000,0,0
combustion,Nissan,SERENA "X XV package" 4WD,gasoline,11.6,1.997,3249400,120000,0,0
combustion,Nissan,SERENA "Highway STAR V" 2WD,gasoline,13.0,1.997,3228500,120000,0,0
combustion,Nissan,SERENA "Highway STAR V" 4WD,gasoline,11.6,1.997,3494700,120000,0,0
combustion,Nissan,SERENA "e:POWER X" 2WD,hybrid,20.3,1.433,3293400,120000,0,0
combustion,Nissan,SERENA "e:POWER X XV package" 2WD,hybrid,19.0,1.433,3583800,120000,0,0
combustion,Nissan,SERENA "e:POWER Highway STAR V" 2WD,hybrid,19.0,1.433,3775200,120000,0,0
combustion,Nissan,SERENA "e:POWER LUXION" 2WD,hybrid,18.1,1.433,4998400,120000,0,0
combustion,Nissan,SERENA "e:4ORCE X",hybrid,16.8,1.433,3599200,120000,0,0
combustion,Nissan,SERENA "e:4ORCE X XV package",hybrid,16.0,1.433,3889600,120000,0,0
combustion,Nissan,SERENA "e:4ORCE Highway STAR V",hybrid,16.0,1.433,4141500,120000,0,0
combustion,Nissan,SKYLINE "400R",gasoline,10.0,2.997,6495500,130000,0,0
combustion,Nissan,SKYLINE "GT Type SP",gasoline,10.0,2.997,5723300,130000,0,0
combustion,Nissan,SKYLINE "GT Type P",gasoline,10.0,2.997,5442800,130000,0,0
combustion,Mazda,CX-30 "20S Retro Sports Edition" 2WD,hybrid,16.2,1.997,3173500,110000,0,0
combustion,Mazda,CX-30 "20S Retro Sports Edition" 4WD,hybrid,15.5,1.997,3410000,110000,0,0
combustion,Mazda,CX-30 "XD Retro Sports Edition" 2WD,diesel,20.2,1.756,3448500,110000,0,0
combustion,Mazda,CX-30 "XD Retro Sports Edition" 4WD,diesel,19.2,1.756,3685000,110000,0,0
combustion,Mazda,CX-30 "20S Touring" 2WD,hybrid,16.2,1.997,3052500,110000,0,0
combustion,Mazda,CX-30 "20S Touring" 4WD,hybrid,15.5,1.997,3289000,110000,0,0
combustion,Mazda,CX-30 "XD S Package" 2WD,diesel,20.2,1.756,3034900,110000,0,0
combustion,Mazda,CX-30 "XD S Package" 4WD,diesel,19.2,1.756,3271400,110000,0,0
combustion,Mazda,CX-30 "20S Black Selection" 2WD,hybrid,16.2,1.997,2998600,110000,0,0
combustion,Mazda,CX-30 "20S Black Selection" 4WD,hybrid,15.5,1.997,3235100,110000,0,0
combustion,Mazda,CX-30 "XD Drive Edition" 2WD,diesel,20.2,1.756,3360500,110000,0,0
combustion,Mazda,CX-30 "XD Drive Edition" 4WD,diesel,19.2,1.756,3597000,110000,0,0
combustion,Mazda,CX-30 "20S i Selection" 2WD,hybrid,16.2,1.997,2772000,110000,0,0
combustion,Mazda,CX-30 "20S i Selection" 4WD,hybrid,15.5,1.997,3008500,110000,0,0
combustion,Mazda,CX-5 "20S i Selection" 2WD,gasoline,14.6,1.997,2810000,110000,0,0
combustion,Mazda,CX-5 "20S i Selection" 4WD,gasoline,14.0,1.997,3041500,110000,0,0
combustion,Mazda,CX-5 "20S Black Selection" 2WD,gasoline,14.6,1.997,3140500,110000,0,0
combustion,Mazda,CX-5 "20S Black Selection" 4WD,gasoline,14.0,1.997,3371500,110000,0,0
combustion,Mazda,CX-5 "25S Sports Appearance" 2WD,gasoline,13.8,1.997,3581600,110000,0,0
combustion,Mazda,CX-5 "25S Sports Appearance" 4WD,gasoline,13.0,1.997,3812600,110000,0,0
combustion,Mazda,CX-5 "XD i Selection" 2WD,diesel,17.4,2.188,3129500,110000,0,0
combustion,Mazda,CX-5 "XD i Selection" 4WD,diesel,16.6,2.188,3360500,110000,0,0
combustion,Mazda,CX-5 "XD Black Selection" 2WD,diesel,17.4,2.188,3459500,110000,0,0
combustion,Mazda,CX-5 "XD Black Selection" 4WD,diesel,16.6,2.188,3690500,110000,0,0
combustion,Mazda,CX-5 "XD Sports Appearance" 2WD,diesel,17.4,2.188,3850000,110000,0,0
combustion,Mazda,CX-5 "XD Sports Appearance" 4WD,diesel,16.6,2.188,4081000,110000,0,0
combustion,Mazda,CX-5 "XD Drive Edition" 2WD,diesel,17.4,2.188,3901700,110000,0,0
combustion,Mazda,CX-5 "XD Drive Edition" 4WD,diesel,16.6,2.188,4132700,110000,0,0
combustion,Mazda,CX-60 "25S L Package" 2WD,gasoline,14.1,2.488,3828000,135000,0,0
combustion,Mazda,CX-60 "25S L Package" 4WD,gasoline,13.0,2.488,4053500,135000,0,0
combustion,Mazda,CX-60 "25S Exclusive Mode" 2WD,gasoline,14.1,2.488,4130500,135000,0,0
combustion,Mazda,CX-60 "25S Exclusive Mode" 4WD,gasoline,13.0,2.488,4356000,135000,0,0
combustion,Mazda,CX-60 "XD Drive Edition" 2WD,diesel,19.7,3.283,4303200,135000,0,0
combustion,Mazda,CX-60 "XD Drive Edition" 4WD,diesel,18.4,3.283,4528700,135000,0,0
combustion,Mazda,CX-60 "XD Drive Edition Nappa Leather Package" 2WD,diesel,19.7,3.283,4598000,135000,0,0
combustion,Mazda,CX-60 "XD Drive Edition Nappa Leather Package" 4WD,diesel,18.4,3.283,4823500,135000,0,0
combustion,Mazda,CX-60 "XD Premium Sports" 2WD,diesel,19.7,3.283,4698100,135000,0,0
combustion,Mazda,CX-60 "XD Premium Sports" 4WD,diesel,18.4,3.283,4923600,135000,0,0
combustion,Mazda,CX-60 "XD-HYBRID Drive Edition Nappa Leather Package",hybrid,21.0,3.283,5340500,135000,0,0
combustion,Mazda,CX-60 "XD-HYBRID Drive Edition Burgundy Leather Package",hybrid,20.9,3.283,5494500,135000,0,0
combustion,Mazda,CX-60 "XD-HYBRID Premium Sports",hybrid,20.9,3.283,5703500,135000,0,0
combustion,Mazda,CX-60 "XD-HYBRID Premium Modern",hybrid,20.9,3.283,5703500,135000,0,0
combustion,Mazda,CX-80 "XD Drive Edition" 2WD,diesel,18.2,3.283,4781700,140000,0,0
combustion,Mazda,CX-80 "XD Drive Edition" 4WD,diesel,16.8,3.283,5018200,140000,0,0
combustion,Mazda,CX-80 "XD Drive Edition Nappa Leather Package" 2WD,diesel,18.2,3.283,5093000,140000,0,0
combustion,Mazda,CX-80 "XD Drive Edition Nappa Leather Package" 4WD,diesel,16.8,3.283,5329500,140000,0,0
combustion,Mazda,CX-80 "XD Premium Sports" 2WD,diesel,18.2,3.283,5447200,140000,0,0
combustion,Mazda,CX-80 "XD Premium Sports" 4WD,diesel,16.8,3.283,5683700,140000,0,0
combustion,Mazda,CX-80 "XD-HYBRID Drive Edition Nappa Leather Package",hybrid,19.2,3.283,5846500,140000,0,0
combustion,Mazda,CX-80 "XD-HYBRID Premium Sports",hybrid,19.0,3.283,6347000,140000,0,0
combustion,Mazda,CX-80 "XD-HYBRID Premium Modern",hybrid,19.0,3.283,6347000,140000,0,0
combustion,Mazda,MX-30 "Natural Monotone" 2WD,hybrid,15.6,1.997,2935900,80000,0,0
combustion,Mazda,MX-30 "Natural Monotone" 4WD,hybrid,15.1,1.997,3172400,80000,0,0
combustion,Mazda,MX-30 "Modern Confidence" 2WD,hybrid,15.6,1.997,2935900,80000,0,0
combustion,Mazda,MX-30 "Modern Confidence" 4WD,hybrid,15.1,1.997,3172400,80000,0,0
combustion,Mazda,MX-30 "Retro Sports Edition" 2WD,hybrid,15.6,1.997,3170200,80000,0,0
combustion,Mazda,MX-30 "Retro Sports Edition" 4WD,hybrid,15.1,1.997,3406700,80000,0,0
combustion,Mazda,MAZDA2 "15MB" (6MT),gasoline,20.2,1.496,1768800,80000,0,0
combustion,Mazda,MAZDA2 "15C 2" 2WD,gasoline,20.3,1.496,1720400,80000,0,0
combustion,Mazda,MAZDA2 "15C 2" 4WD,gasoline,18.1,1.496,1940400,80000,0,0
combustion,Mazda,MAZDA2 "15 BD i Selection 2" 2WD,gasoline,20.3,1.496,1995400,80000,0,0
combustion,Mazda,MAZDA2 "15 BD i Selection 2" 4WD,gasoline,18.1,1.496,2215400,80000,0,0
combustion,Mazda,MAZDA2 "15 SPORT 2" 2WD,gasoline,20.3,1.496,2192300,80000,0,0
combustion,Mazda,MAZDA2 "15 SPORT 2" 4WD,gasoline,18.1,1.496,2412300,80000,0,0
combustion,Mazda,MAZDA2 "15 SPORT 2" (6MT),gasoline,20.2,1.496,2192300,80000,0,0
combustion,Mazda,MAZDA2 "15 SPORT+" 2WD,gasoline,20.3,1.496,2281400,80000,0,0
combustion,Mazda,MAZDA2 "15 SPORT+" 4WD,gasoline,18.1,1.496,2501400,80000,0,0
combustion,Mazda,MAZDA2 "15 SPORT+" (6MT),gasoline,20.2,1.496,2281400,80000,0,0
combustion,Mazda,MAZDA3 FASTBACK "15S Black Selection",gasoline,16.6,1.496,2600400,80000,0,0
combustion,Mazda,MAZDA3 FASTBACK "15S Leather Touring Selection",gasoline,16.6,1.496,2812700,80000,0,0
combustion,Mazda,MAZDA3 FASTBACK "20S Touring" 2WD,hybrid,16.4,1.997,2946900,80000,0,0
combustion,Mazda,MAZDA3 FASTBACK "20S Touring" 4WD,hybrid,15.9,1.997,3183400,80000,0,0
combustion,Mazda,MAZDA3 FASTBACK "20S Touring" (6MT),hybrid,17.5,1.997,3023900,80000,0,0
combustion,Mazda,MAZDA3 FASTBACK "20S Retro Sports Edition" 2WD,hybrid,16.4,1.997,3045900,80000,0,0
combustion,Mazda,MAZDA3 FASTBACK "20S Retro Sports Edition" 4WD,hybrid,15.9,1.997,3282400,80000,0,0
combustion,Mazda,MAZDA3 FASTBACK "20S Retro Sports Ediiton" (6MT),hybrid,17.5,1.997,3045900,80000,0,0
combustion,Mazda,MAZDA3 FASTBACK "XD S Package" 2WD,diesel,21.2,1.756,2887500,80000,0,0
combustion,Mazda,MAZDA3 FASTBACK "XD S Package" 4WD,diesel,20.0,1.756,3124000,80000,0,0
combustion,Mazda,MAZDA3 FASTBACK "XD Drive Edition" 2WD,diesel,21.2,1.756,3177900,80000,0,0
combustion,Mazda,MAZDA3 FASTBACK "XD Drive Edition" 4WD,diesel,20.0,1.756,3414400,80000,0,0
combustion,Mazda,MAZDA3 FASTBACK "XD Retro Sports Edition" 2WD,diesel,21.2,1.756,3265900,80000,0,0
combustion,Mazda,MAZDA3 FASTBACK "XD Retro Sports Edition" 4WD,diesel,20.0,1.756,3502400,80000,0,0
combustion,Mazda,MAZDA3 FASTBACK "X Touring",hybrid,16.7,1.997,3997400,80000,0,0
combustion,Mazda,MAZDA3 FASTBACK "X Touring" (6MT),hybrid,17.7,1.997,2281400,80000,0,0
combustion,Mazda,MAZDA3 SEDAN "20S S Package",hybrid,16.7,1.997,2720300,80000,0,0
combustion,Mazda,MAZDA3 SEDAN "20S Touring",hybrid,16.7,1.997,2946900,80000,0,0
combustion,Mazda,MAZDA3 SEDAN "20S Retro Sports Edition",hybrid,16.7,1.997,3045900,80000,0,0
combustion,Mazda,MAZDA3 SEDAN "XD S Package",diesel,21.5,1.756,2887500,80000,0,0
combustion,Mazda,MAZDA3 SEDAN "XD Drive Edition",diesel,21.5,1.756,3177900,80000,0,0
combustion,Mazda,MAZDA3 SEDAN "XD Retro Sports Edition",diesel,21.5,1.756,3265900,80000,0,0
combustion,Mazda,ROADSTAR "S" (6MT),gasoline,16.8,1.496,2898500,110000,0,0
combustion,Mazda,ROADSTAR "S Special Package" (6MT),gasoline,16.8,1.496,3087700,110000,0,0
combustion,Mazda,ROADSTAR "S Special Package",gasoline,17.2,1.496,3203200,110000,0,0
combustion,Mazda,ROADSTAR "S Leather Package" (6MT),gasoline,16.8,1.496,3498000,110000,0,0
combustion,Mazda,ROADSTAR "S Leather Package",gasoline,17.2,1.496,3613500,110000,0,0
combustion,Mazda,ROADSTAR "S Leather Package V Selection" (6MT),gasoline,16.8,1.496,3553000,110000,0,0
combustion,Mazda,ROADSTAR "S Leather Package V Selection",gasoline,17.2,1.496,3668500,110000,0,0
combustion,Mazda,ROADSTAR "RS" (6MT),gasoline,16.8,1.496,3679500,110000,0,0
combustion,Mazda,ROADSTAR "NR-A" (6MT),gasoline,16.8,1.496,3064600,110000,0,0
combustion,Mazda,ROADSTAR RF "S" (6MT),gasoline,15.8,1.997,3796100,110000,0,0
combustion,Mazda,ROADSTAR RF "S",gasoline,15.2,1.997,3823600,110000,0,0
combustion,Mazda,ROADSTAR RF "VS" (6MT),gasoline,15.8,1.997,4154700,110000,0,0
combustion,Mazda,ROADSTAR RF "VS",gasoline,15.2,1.997,4182200,110000,0,0
combustion,Mazda,ROADSTAR RF "RS" (6MT),gasoline,15.8,1.997,4308700,110000,0,0
combustion,Mazda,MAZDA SPILIT RACING ROADSTAR,gasoline,15.2,1.997,45265700,110000,0,0
combustion,Mazda,MAZDA SPILIT RACING ROADSTAR 12R,gasoline,15.0,1.997,7612000,110000,0,0
combustion,Suzuki,ALTO "A" 2WD,gasoline,25.8,0.658,1142900,80000,0,0
combustion,Suzuki,ALTO "A" 4WD,gasoline,23.8,0.658,1274900,80000,0,0
combustion,Suzuki,ALTO "L" 2WD,gasoline,25.8,0.658,1197900,80000,0,0
combustion,Suzuki,ALTO "L" 4WD,gasoline,23.8,0.658,1328800,80000,0,0
combustion,Suzuki,ALTO "HYBRID S" 2WD,hybrid,28.2,0.657,1301300,80000,0,0
combustion,Suzuki,ALTO "HYBRID S" 4WD,hybrid,26.2,0.657,1433200,80000,0,0
combustion,Suzuki,ALTO "HYBRID X" 2WD,hybrid,28.2,0.657,1469600,80000,0,0
combustion,Suzuki,ALTO "HYBRID X" 4WD,hybrid,26.2,0.657,1589500,80000,0,0
combustion,Suzuki,EVERY WAGON "PZ TURBO" 2WD,gasoline,15.1,0.658,1838100,80000,0,0
combustion,Suzuki,EVERY WAGON "PZ TURBO" 4WD,gasoline,15.1,0.658,1992100,80000,0,0
combustion,Suzuki,EVERY WAGON "PZ TURBO SPECIAL" 2WD,gasoline,15.1,0.658,1838100,80000,0,0
combustion,Suzuki,EVERY WAGON "PZ TURBO SPECIAL" 4WD,gasoline,15.1,0.658,1992100,80000,0,0
combustion,Suzuki,Lapin "HYBRID G" 2WD,hybrid,27.3,0.657,1514700,80000,0,0
combustion,Suzuki,Lapin "HYBRID G" 4WD,hybrid,25.2,0.657,1626900,80000,0,0
combustion,Suzuki,Lapin "HYBRID L" 2WD,hybrid,27.3,0.657,1601600,80000,0,0
combustion,Suzuki,Lapin "HYBRID L" 4WD,hybrid,25.2,0.657,1706100,80000,0,0
combustion,Suzuki,Lapin "HYBRID X" 2WD,hybrid,27.3,0.657,1717100,80000,0,0
combustion,Suzuki,Lapin "HYBRID X" 4WD,hybrid,25.2,0.657,1818300,80000,0,0
combustion,Suzuki,Lapin LC "HYBRID L" 2WD,hybrid,27.3,0.657,1644500,80000,0,0
combustion,Suzuki,Lapin LC "HYBRID L" 4WD,hybrid,25.2,0.657,1749000,80000,0,0
combustion,Suzuki,Lapin LC "HYBRID X" 2WD,hybrid,27.3,0.657,1767700,80000,0,0
combustion,Suzuki,Lapin LC "HYBRID X" 4WD,hybrid,25.2,0.657,1868900,80000,0,0
combustion,Suzuki,WAGON R "ZL" (5MT) 2WD,gasoline,25.1,0.657,1430000,80000,0,0
combustion,Suzuki,WAGON R "ZL" (5MT) 4WD,gasoline,22.8,0.657,1553200,80000,0,0
combustion,Suzuki,WAGON R "ZL" 2WD,gasoline,24.2,0.657,1430000,80000,0,0
combustion,Suzuki,WAGON R "ZL" 4WD,gasoline,22.6,0.657,1553200,80000,0,0
combustion,Suzuki,WAGON R "HYBRID ZX" 2WD,hybrid,25.1,0.657,1709400,80000,0,0
combustion,Suzuki,WAGON R "HYBRID ZX" 4WD,hybrid,23.5,0.657,1829300,80000,0,0
combustion,Suzuki,WAGON R SMILE "G" 2WD,gasoline,23.9,0.657,1489400,80000,0,0
combustion,Suzuki,WAGON R SMILE "G" 4WD,gasoline,22.5,0.657,1612600,80000,0,0
combustion,Suzuki,WAGON R SMILE "HYBRID S" 2WD,hybrid,25.1,0.657,1717100,80000,0,0
combustion,Suzuki,WAGON R SMILE "HYBRID S" 4WD,hybrid,23.6,0.657,1840300,80000,0,0
combustion,Suzuki,WAGON R SMILE "HYBRID X" 2WD,hybrid,25.1,0.657,1815000,80000,0,0
combustion,Suzuki,WAGON R SMILE "HYBRID X" 4WD,hybrid,23.6,0.657,1934900,80000,0,0
combustion,Suzuki,WAGON R SMILE "Creme Coordinate HYBRID X" 2WD,hybrid,25.1,0.657,1864500,80000,0,0
combustion,Suzuki,WAGON R SMILE "Creme Coordinate HYBRID X" 4WD,hybrid,23.6,0.657,1984400,80000,0,0
combustion,Suzuki,HUSTLER "HYBRID G" 2WD,hybrid,25.0,0.657,1518000,80000,0,0
combustion,Suzuki,HUSTLER "HYBRID G" 4WD,hybrid,23.4,0.657,1652200,80000,0,0
combustion,Suzuki,HUSTLER "HYBRID G TURBO" 2WD,hybrid,22.6,0.658,1596100,80000,0,0
combustion,Suzuki,HUSTLER "HYBRID G TURBO" 4WD,hybrid,20.8,0.658,1730300,80000,0,0
combustion,Suzuki,HUSTLER "HYBRID X" 2WD,hybrid,25.0,0.657,1672000,80000,0,0
combustion,Suzuki,HUSTLER "HYBRID X" 4WD,hybrid,23.4,0.657,18062000,80000,0,0
combustion,Suzuki,HUSTLER "HYBRID X TURBO" 2WD,hybrid,22.6,0.658,1750100,80000,0,0
combustion,Suzuki,HUSTLER "HYBRID X TURBO" 4WD,hybrid,20.8,0.658,1884300,80000,0,0
combustion,Suzuki,HUSTLER TOUGH WILD 2WD,hybrid,25.0,0.657,1760000,80000,0,0
combustion,Suzuki,HUSTLER TOUGH WILD 4WD,hybrid,23.4,0.657,1894200,80000,0,0
combustion,Suzuki,HUSTLER TOUGH WILD TURBO 2WD,hybrid,22.6,0.658,1838100,80000,0,0
combustion,Suzuki,HUSTLER TOUGH WILD TURBO 4WD,hybrid,20.8,0.658,1972300,80000,0,0
combustion,Suzuki,SPACIA "HYBRID G" 2WD,hybrid,23.9,0.657,1530100,80000,0,0
combustion,Suzuki,SPACIA "HYBRID G" 4WD,hybrid,22.4,0.657,1656600,80000,0,0
combustion,Suzuki,SPACIA "HYBRID X" 2WD,hybrid,23.9,0.657,1705000,80000,0,0
combustion,Suzuki,SPACIA "HYBRID X" 4WD,hybrid,22.4,0.657,1824900,80000,0,0
combustion,Suzuki,SPACIA CUSTOM "HYBRID GS" 2WD,hybrid,23.9,0.657,1801800,80000,0,0
combustion,Suzuki,SPACIA CUSTOM "HYBRID GS" 4WD,hybrid,22.4,0.657,1925000,80000,0,0
combustion,Suzuki,SPACIA CUSTOM "HYBRID XS" 2WD,hybrid,23.9,0.657,1995400,80000,0,0
combustion,Suzuki,SPACIA CUSTOM "HYBRID XS" 4WD,hybrid,22.4,0.657,2115300,80000,0,0
combustion,Suzuki,SPACIA CUSTOM "HYBRID XS TURBO" 2WD,hybrid,21.9,0.658,2073500,80000,0,0
combustion,Suzuki,SPACIA CUSTOM "HYBRID XS TURBO" 4WD,hybrid,19.8,0.658,21934                                                                                         00,80000,0,0
combustion,Suzuki,SPACIA GEAR "HYBRID XZ" 2WD,hybrid,23.9,0.657,1952500,80000,0,0
combustion,Suzuki,SPACIA GEAR "HYBRID XZ" 4WD,hybrid,22.4,0.657,2072400,80000,0,0
combustion,Suzuki,SPACIA GEAR "HYBRID XZ TURBO" 2WD,hybrid,21.9,0.658,2037200,80000,0,0
combustion,Suzuki,SPACIA GEAR "HYBRID XZ TURBO" 4WD,hybrid,19.8,0.658,2157100,80000,0,0
combustion,Suzuki,SPASIA BASE "GF" 2WD,gasoline,21.2,0.658,1471800,80000,0,0
combustion,Suzuki,SPASIA BASE "GF" 4WD,gasoline,19.9,0.658,1595000,80000,0,0
combustion,Suzuki,SPASIA BASE "XF" 2WD,gasoline,21.2,0.658,1624700,80000,0,0
combustion,Suzuki,SPASIA BASE "XF" 4WD,gasoline,19.9,0.658,1746600,80000,0,0
combustion,Suzuki,JIMNY "XG" (5MT),gasoline,16.6,0.658,1918400,85000,0,0
combustion,Suzuki,JIMNY "XG" (4AT),gasoline,14.3,0.658,1918400,85000,0,0
combustion,Suzuki,JIMNY "XL" (5MT),gasoline,16.6,0.658,2046000,85000,0,0
combustion,Suzuki,JIMNY "XL" (4AT),gasoline,14.3,0.658,2046000,85000,0,0
combustion,Suzuki,JIMNY "XC" (5MT),gasoline,16.6,0.658,2160400,85000,0,0
combustion,Suzuki,JIMNY "XC" (4AT),gasoline,14.3,0.658,2160400,85000,0,0
combustion,Suzuki,JIMNY SIERRA "JL" (5MT),gasoline,15.4,1.460,2271500,80000,0,0
combustion,Suzuki,JIMNY SIERRA "JL" (4AT),gasoline,14.2,1.460,2271500,80000,0,0
combustion,Suzuki,JIMNY SIERRA "JC" (5MT),gasoline,15.4,1.460,2385900,80000,0,0
combustion,Suzuki,JIMNY SIERRA "JC" (4AT),gasoline,14.2,1.460,2385900,80000,0,0
combustion,Suzuki,JIMNY NOMADE "FC" (5MT),gasoline,14.9,1.460,2926000,80000,0,0
combustion,Suzuki,JIMNY NOMADE "FC" (4AT),gasoline,13.6,1.460,2926000,80000,0,0
combustion,Suzuki,SWIFT "XG" 2WD,gasoline,23.4,1.197,1727000,100000,0,0
combustion,Suzuki,SWIFT "XG" 4WD,gasoline,22.0,1.197,1892000,100000,0,0
combustion,Suzuki,SWIFT "HYBRID MX" (5MT) 2WD,hybrid,25.4,1.197,1922800,100000,0,0
combustion,Suzuki,SWIFT "HYBRID MX" 2WD,hybrid,24.5,1.197,1922800,100000,0,0
combustion,Suzuki,SWIFT "HYBRID MX" 4WD,hybrid,22.7,1.197,2087800,100000,0,0
combustion,Suzuki,SWIFT "HYBRID MZ" 2WD,hybrid,24.5,1.197,2167000,100000,0,0
combustion,Suzuki,SWIFT "HYBRID MZ" 4WD,hybrid,22.7,1.197,2332000,100000,0,0
combustion,Suzuki,SOLIO "HYBRID MG" 2WD,hybrid,22.0,1.197,1926100,105000,0,0
combustion,Suzuki,SOLIO "HYBRID MG" 4WD,hybrid,20.7,1.197,2051500,105000,0,0
combustion,Suzuki,SOLIO "HYBRID MX" 2WD,hybrid,22.0,1.197,2051500,105000,0,0
combustion,Suzuki,SOLIO "HYBRID MX" 4WD,hybrid,20.7,1.197,2271500,105000,0,0
combustion,Suzuki,SOLIO "HYBRID MZ" 2WD,hybrid,22.0,1.197,2248400,105000,0,0
combustion,Suzuki,SOLIO "HYBRID MZ" 4WD,hybrid,20.7,1.197,2593800,105000,0,0
combustion,Suzuki,SOLIO BANDIT "HYBRID MV" 2WD,hybrid,22.0,1.197,2303400,105000,0,0
combustion,Suzuki,SOLIO BANDIT "HYBRID MV" 4WD,hybrid,20.7,1.197,2648800,105000,0,0
combustion,Suzuki,XBEE "HYBRID MX" 2WD,hybrid,22.8,1.197,2157100,105000,0,0
combustion,Suzuki,XBEE "HYBRID MX" 4WD,hybrid,21.0,1.197,2333100,105000,0,0
combustion,Suzuki,XBEE "HYBRID MZ" 2WD,hybrid,22.8,1.197,2335300,105000,0,0
combustion,Suzuki,XBEE "HYBRID MZ" 4WD,hybrid,21.0,1.197,2500300,105000,0,0
combustion,Suzuki,FRONX 2WD,hybrid,19.0,1.460,2541000,110000,0,0
combustion,Suzuki,FRONX 4WD,hybrid,17/8,1.460,2739000,110000,0,0
combustion,Suzuki,EVERY "PA" (5MT) 2WD,gasoline,17.2,0.658,1197900,80000,0,0
combustion,Suzuki,EVERY "PA" (4AT) 2WD,gasoline,14.6,0.658,1267200,80000,0,0
combustion,Suzuki,EVERY "PA" (5MT) 4WD,gasoline,16.9,0.658,1329900,80000,0,0
combustion,Suzuki,EVERY "PA" (4AT) 4WD,gasoline,14.6,0.658,1399200,80000,0,0
combustion,Suzuki,EVERY "PA LIMITED" (5MT) 2WD,gasoline,17.2,0.658,1233100,80000,0,0
combustion,Suzuki,EVERY "PA LIMITED" 2WD,gasoline,16.4,0.658,1324400,80000,0,0
combustion,Suzuki,EVERY "PA LIMNITED" (5MT) 4WD,gasoline,16.9,0.658,1365100,80000,0,0
combustion,Suzuki,EVERY "PA LIMITED" 4WD,gasoline,16.4,0.658,1478400,80000,0,0
combustion,Suzuki,EVERY "PC" (5MT) 2WD,gasoline,17.2,0.658,1393700,80000,0,0
combustion,Suzuki,EVERY "PC" 2WD,gasoline,16.4,0.658,1485000,80000,0,0
combustion,Suzuki,EVERY "PC" (5MT) 4WD,gasoline,16.9,0.658,1525700,80000,0,0
combustion,Suzuki,EVERY "PC" 4WD,gasoline,16.4,0.658,1639000,80000,0,0
combustion,Suzuki,EVERY "JOIN" (5MT) 2WD,gasoline,17.2,0.658,1431100,80000,0,0
combustion,Suzuki,EVERY "JOIN" 2WD,gasoline,16.4,0.658,1544400,80000,0,0
combustion,Suzuki,EVERY "JOIN" (5MT) 4WD,gasoline,16.9,0.658,1563100,80000,0,0
combustion,Suzuki,EVERY "JOIN" 4WD,gasoline,16.4,0.658,1698400,80000,0,0
combustion,Suzuki,EVERY "JOIN TURBO" 2WD,gasoline,15.1,0.658,1665400,80000,0,0
combustion,Suzuki,EVERY "JOIN TURBO" 4WD,gasoline,15.1,0.658,1819400,80000,0,0
combustion,Suzuki,CARRY "KC" (5MT) 2WD,gasoline,18.7,0.658,1172600,80000,0,0
combustion,Suzuki,CARRY "KC" (4AT) 2WD,gasoline,15.7,0.658,1249600,80000,0,0
combustion,Suzuki,CARRY "KC" (5MT) 4WD,gasoline,18.7,0.658,1324400,80000,0,0
combustion,Suzuki,CARRY "KC" (4AT) 4WD,gasoline,15.7,0.658,1401400,80000,0,0
combustion,Suzuki,CARRY "KX" (5MT) 2WD,gasoline,18.7,0.658,1350800,80000,0,0
combustion,Suzuki,CARRY "KX" (4AT) 2WD,gasoline,15.7,0.658,1427800,80000,0,0
combustion,Suzuki,CARRY "KX" (5MT) 4WD,gasoline,18.7,0.658,1504800,80000,0,0
combustion,Suzuki,CARRY "KX" (4AT) 4WD,gasoline,15.7,0.658,1581800,80000,0,0
combustion,Suzuki,SUPER CARRY "L" (5MT) 2WD,gasoline,17.9,0.658,1291400,80000,0,0
combustion,Suzuki,SUPER CARRY "L" (4AT) 2WD,gasoline,15.4,0.658,1368400,80000,0,0
combustion,Suzuki,SUPER CARRY "L" (5MT) 4WD,gasoline,17.9,0.658,1443200,80000,0,0
combustion,Suzuki,SUPER CARRY "L" (4AT) 4WD,gasoline,15.4,0.658,1520200,80000,0,0
combustion,Suzuki,SUPER CARRY "X" (5MT) 2WD,gasoline,17.9,0.658,1459700,80000,0,0
combustion,Suzuki,SUPER CARRY "X" (4AT) 2WD,gasoline,15.4,0.658,1536700,80000,0,0
combustion,Suzuki,SUPER CARRY "X" (5MT) 4WD,gasoline,17.9,0.658,1613700,80000,0,0
combustion,Suzuki,SUPER CARRY "X" (4AT) 4WD,gasoline,15.4,0.658,1690700,80000,0,0
combustion,Subaru,IMPREZA "ST" FWD,gasoline,15.8,1.995,2744500,105000,0,0
combustion,Subaru,IMPREZA "ST" AWD,gasoline,14.7,1.995,3014000,105000,0,0
combustion,Subaru,IMPREZA "ST Smart Edition" FWD,gasoline,15.8,1.995,2953500,105000,0,0
combustion,Subaru,IMPREZA "ST Smart Edition" AWD,gasoline,14.7,1.995,3168000,105000,0,0
combustion,Subaru,IMPREZA "ST Black Selection" FWD,gasoline,15.8,1.995,3058000,105000,0,0
combustion,Subaru,IMPREZA "ST Black Selection" AWD,gasoline,14.7,1.995,3272500,105000,0,0
combustion,Subaru,IMPREZA "ST Style Edition" FWD,gasoline,15.8,1.995,3096500,105000,0,0
combustion,Subaru,IMPREZA "ST Style Edition" AWD,gasoline,14.7,1.995,3311000,105000,0,0
combustion,Subaru,IMPREZA "ST-G" FWD,hybrid,19.4,1.995,2959000,105000,0,0
combustion,Subaru,IMPREZA "ST-G" AWD,hybrid,18.9,1.995,3179000,105000,0,0
combustion,Subaru,IMPREZA "ST-H" FWD,hybrid,19.4,1.995,3157000,105000,0,0
combustion,Subaru,IMPREZA "ST-H" AWD,hybrid,18.9,1.995,3371500,105000,0,0
combustion,Subaru,IMPREZA "ST-H Style Edition" FWD,hybrid,19.4,1.995,3300000,105000,0,0
combustion,Subaru,IMPREZA "ST-H Style Edition" AWD,hybrid,18.9,1.995,3514500,105000,0,0
combustion,Subaru,LEVORG "Smart Edition EX",gasoline,16.5,1.795,3630000,115000,0,0
combustion,Subaru,LEVORG "GT-H EX",gasoline,16.5,1.795,3795000,115000,0,0
combustion,Subaru,LEVORG "STI Sport EX",gasoline,16.5,1.795,4411000,115000,0,0
combustion,Subaru,LEVORG "STI Sport EX Black Interior Selection",gasoline,16.5,1.795,4411000,115000,0,0
combustion,Subaru,LEVORG "STI Sport R EX",gasoline,13.1,2.387,5093000,115000,0,0
combustion,Subaru,LEVORG "STI Sport R EX Black Interior Selection",gasoline,13.1,2.387,5093000,115000,0,0
combustion,Subaru,LEVORG "STI Sport R-Black Limited",gasoline,13.1,2.387,5368000,115000,0,0
combustion,Subaru,REX "G" 2WD,gasoline,24.6,1.196,1910700,100000,0,0
combustion,Subaru,REX "G" 4WD,gasoline,21.2,0.996,2187900,100000,0,0
combustion,Subaru,REX "Z" 2WD,gasoline,23.6,1.196,2274500,100000,0,0
combustion,Subaru,REX "Z" 4WD,gasoline,21.2,0.996,2511300,100000,0,0
combustion,Subaru,REX "G HYBRID",hybrid,34.4,1.196,2216500,100000,0,0
combustion,Subaru,REX "Z HYBRID",hybrid,34.8,1.196,2608100,100000,0,0
combustion,Subaru,CROSSTREK "Premium S:HEV EX",hybrid,22.7,2.498,4053500,110000,0,0
combustion,Subaru,CROSSTREK "Premium S:HEV",hybrid,22.7,2.498,3833500,110000,0,0
combustion,Subaru,CROSSTREK "Limited Style Edition" FWD,hybrid,19.3,1.995,3355000,110000,0,0
combustion,Subaru,CROSSTREK "Limited Style Edition" AWD,hybrid,18.8,1.995,35695000,110000,0,0
combustion,Subaru,CROSSTREK "Limited" FWD,hybrid,19.3,1.995,3234000,110000,0,0
combustion,Subaru,CROSSTREK "Limited" AWD,hybrid,18.8,1.995,34485000,110000,0,0
combustion,Subaru,CROSSTREK "Touring" FWD,hybrid,19.3,1.995,3014000,110000,0,0
combustion,Subaru,CROSSTREK "Touring" AWD,hybrid,18.8,1.995,3234000,110000,0,0
combustion,Subaru,LAYBACK "Black Selection",gasoline,16.5,1.795,4246000,115000,0,0
combustion,Subaru,LAYBACK "Limited EX",gasoline,16.5,1.795,3993000,115000,0,0
combustion,Subaru,FORESTER "SPORT EX",gasoline,15.5,1.795,4191000,115000,0,0
combustion,Subaru,FORESTER "SPORT",gasoline,15.5,1.795,4048000,115000,0,0
combustion,Subaru,FORESTER "X-BREAK S:HEV EX",hybrid,21.9,2.498,4477000,115000,0,0
combustion,Subaru,FORESTER "X-BREAK S:HEV",hybrid,21.9,2.498,4202000,115000,0,0
combustion,Subaru,FORESTER "Premium S:HEV EX",hybrid,21.1,2.498,4598000,115000,0,0
combustion,Subaru,FORESTER "Premium S:HEV",hybrid,21.1,2.498,4488000,115000,0,0
combustion,Subaru,WRX S4 "GT-H EX",gasoline,10.8,2.387,4477000,130000,0,0
combustion,Subaru,WRX S4 "STI Sport R EX",gasoline,10.7,2.387,5027000,130000,0,0
combustion,Subaru,WRX S4 "STI Sport R-Black Limited",gasoline,10.7,2.387,5302000,130000,0,0
combustion,Subaru,BRZ "R" (6MT),gasoline,12.0,2.387,3322000,120000,0,0
combustion,Subaru,BRZ "R" (E-6AT),gasoline,11.8,2.387,3355000,120000,0,0
combustion,Subaru,BRZ "S" (6MT),gasoline,11.9,2.387,3509000,120000,0,0
combustion,Subaru,BRZ "S" (E-6AT),gasoline,11.7,2.387,3542000,120000,0,0
combustion,Subaru,BRZ "STI Sport" (6MT),gasoline,11.9,2.387,3784000,120000,0,0
combustion,Subaru,BRZ "STI Sport" (E-6AT),gasoline,11.7,2.387,3817000,120000,0,0
combustion,Subaru,JUSTY 2WD,gasoline,18.4,0.996,2169200,95000,0,0
combustion,Subaru,JUSTY 4WD,gasoline,16.8,0.996,2369400,95000,0,0
combustion,Mitsubishi,eK Wagon X,gasoline,22.5,0,1470000,80000,0,0
combustion,Mitsubishi,eK Wagon G,gasoline,22.5,0,1620000,80000,0,0
combustion,Mitsubishi,eK Space X,gasoline,20.5,0,1750000,80000,0,0
combustion,Mitsubishi,eK Space G,gasoline,20.5,0,1900000,80000,0,0
combustion,Mitsubishi,eK Cross X,gasoline,20,0,1740000,80000,0,0
combustion,Mitsubishi,eK Cross G,gasoline,20,0,1890000,80000,0,0
combustion,Mitsubishi,eK Cross EV X,gasoline,0,0,2570000,80000,0,0
combustion,Mitsubishi,eK Cross EV G,gasoline,0,0,2770000,80000,0,0
combustion,Mitsubishi,Delica Mini X,gasoline,19,0,1960000,80000,0,0
combustion,Mitsubishi,Delica Mini G,gasoline,19,0,2120000,80000,0,0
combustion,Mitsubishi,Town Box X,gasoline,15,0,1920000,80000,0,0
combustion,Mitsubishi,Town Box G,gasoline,15,0,2080000,80000,0,0
combustion,Mitsubishi,Delica D:2 X,gasoline,20,0,2100000,105000,0,0
combustion,Mitsubishi,Delica D:2 G,gasoline,20,0,2350000,105000,0,0
combustion,Mitsubishi,Delica D:2 Custom X,gasoline,19.5,0,2350000,105000,0,0
combustion,Mitsubishi,Delica D:2 Custom G,gasoline,19.5,0,2600000,105000,0,0
combustion,Mitsubishi,Eclipse Cross X,gasoline,14,0,2770000,110000,0,0
combustion,Mitsubishi,Eclipse Cross G,gasoline,14,0,3070000,110000,0,0
combustion,Mitsubishi,Delica D:5 X,gasoline,12,0,4510000,130000,0,0
combustion,Mitsubishi,Delica D:5 G,gasoline,12,0,5010000,130000,0,0
combustion,Mitsubishi,Delica D:5 Urban Gear,gasoline,12,0,4450000,130000,0,0
combustion,Mitsubishi,Triton X,gasoline,10.5,0,5520000,150000,0,0
combustion,Mitsubishi,Triton G,gasoline,10.5,0,6020000,150000,0,0
electric,Toyota,PRIUS "G",phev,26,1.986,3847300,115000,134,0
electric,Toyota,PRIUS "Z",phev,26,1.986,4608900,115000,134,0
electric,Toyota,RAV4 "Z",phev,22.2,2.487,6000000,120000,151,0
electric,Toyota,RAV4 "GR SPORT",phev,21.5,2.487,6300000,120000,145,0
electric,Toyota,HARRIER "G",phev,20.5,2.487,5470300,130000,160,0
electric,Toyota,HARRIER "Z",phev,20.5,2.487,6260100,130000,160,0
electric,Toyota,bZ4X "G",bev,0,0,4800000,100000,111,0
electric,Toyota,bZ4X "Z" FWD,bev,0,0,5500000,100000,113,0
electric,Toyota,bZ4X "Z" 4WD,bev,0,0,6000000,100000,121,0
electric,Toyota,bZ4X Touring "Z" FWD,bev,0,0,5750000,100000,114,0
electric,Toyota,bZ4X Touring "Z" 4WD,bev,0,0,6400000,100000,121,0
electric,Toyota,CROWN "Z",fcv,0,0,8300000,140000,0,148
electric,Toyota,CROWN SPORT "RS",phev,20.3,2.487,7650000,145000,165,0
electric,Toyota,CROWN ESTATE "RS",phev,20.0,2.487,8100000,145000,167,0
electric,Toyota,ALPHARD "Executive Lounge PLUG-IN HYBRID",phev,16.7,2.487,10650000,150000,209,0
electric,Toyota,VELLFIRE "Executive Lounge PLUG-IN HYBRID",phev,16.7,2.487,10850000,150000,209,0
electric,Toyota,CENTURY,phev,14.2,3.456,27000000,250000,213,0
electric,Lexus,NX 450h+ "OVERTRAIL",phev,19.6,2.487,7725000,130000,172,0
electric,Lexus,NX 450h+ "F SPORT",phev,19.6,2.487,7585000,130000,172,0
electric,Lexus,NX 450h+ "version L",phev,19.6,2.487,7495000,135000,172,0
electric,Lexus,RX 450h+ "version L",phev,18.7,2.487,8870000,140000,177,0
electric,Lexus,RZ 350e "version L",bev,0,0,7900000,95000,733,0
electric,Lexus,RZ 500e "version L",bev,0,0,8500000,95000,579,0
electric,Lexus,RZ 500e "F SPORT",bev,0,0,9500000,95000,582,0
electric,Honda,N-ONE e: "G",bev,0,0,2699400,80000,105,0
electric,Honda,N-ONE e: "L",bev,0,0,3198800,80000,105,0
electric,Honda,N-VAN e: "L4",bev,0,0,2699400,80000,127,0
electric,Honda,N-VAN e: "FUN",bev,0,0,2919400,80000,127,0
electric,Nissan,ARIYA "B6",bev,0,0,6675900,80000,166,0
electric,Nissan,ARIYA "B6 e-4ORCE",bev,0,0,7280900,80000,169,0
electric,Nissan,ARIYA "B9",bev,0,0,7467900,80000,169,0
electric,Nissan,ARIYA "B9 e-4ORCE",bev,0,0,8072900,80000,171,0
electric,Nissan,ARIYA "NISMO B6 e-4ORCE",bev,0,0,8498600,80000,166,0
electric,Nissan,ARIYA "NISMO B9 e-4ORCE",bev,0,0,9510600,80000,169,0
electric,Nissan,LEAF "B5 S",bev,0,0,4389000,80000,118,0
electric,Nissan,LEAF "B5 X",bev,0,0,4738800,80000,131,0
electric,Nissan,LEAF "B5 G",bev,0,0,5648500,80000,131,0
electric,Nissan,LEAF "B7 X",bev,0,0,5188700,80000,130,0
electric,Nissan,LEAF "B7 G",bev,0,0,5999400,80000,133,0
electric,Nissan,SAKURA "X",bev,0,0,2599300,80000,124,0
electric,Nissan,SAKURA "G",bev,0,0,3082200,80000,124,0
electric,Mazda,CX-60 "PHEV Premium Sports",phev,14.3,0,6495500,135000,253,2.488
electric,Mazda,CX-60 "PHEV Premium Modern",phev,14.3,0,6495500,135000,253,2.488
electric,Mazda,CX-80 "PHEV Premium Sports",phev,12.9,0,7144500,140000,292,2.488
electric,Mazda,CX-80 "PHEV Premium Modern",phev,12.9,0,7144500,140000,292,2.488
electric,Mazda,MX-30 ROTARY-EV,phev,15.4,0.830,4356000,80000,176,0
electric,Mazda,MX-30 ROTARY-EV "Modern Confidence",phev,15.4,0.830,49906000,80000,176,0
electric,Mazda,MX-30 ROTARY-EV "Natural Monotone",phev,15.4,0.830,4906000,80000,176,0
electric,Mazda,MX-30 ROTARY-EV "Retro Sports Edition",phev,15.4,0.830,4942300,80000,176,0
electric,Suzuki,e-VITARA "X",bev,0,0,3993000,80000,124,0
electric,Suzuki,e-VITARA "Z" 2WD,bev,0,0,4488000,80000,131,0
electric,Suzuki,e-VITARA "Z" 4WD,bev,0,0,4928000,80000,144,0
electric,Suzuki,e-EVERY "2 seater",bev,0,0,3146000,80000,161,0
electric,Suzuki,e-EVERY "5 seater",bev,0,0,3234000,80000,161,0
combustion,Subaru,SOLTERRA "ET-SS" FWD,bev,0,0,5170000,95000,113,0
combustion,Subaru,SOLTERRA "ET-SS" AWD,bev,0,0,5610000,95000,121,0
combustion,Subaru,SOLTERRA "ET-HS",bev,0,0,6050000,95000,121,0
combustion,Subaru,TRAILSEEKER "ET-SS" FWD,bev,0,0,5390000,95000,114,0
combustion,Subaru,TRAILSEEKER "ET-SS" AWD,bev,0,0,5940000,95000,121,0
combustion,Subaru,TRAILSEEKER "ET-HS",bev,0,0,6380000,95000,121,0
electric,Mitsubishi,eKX EV "G",bev,0,0,2568500,80000,124,0
electric,Mitsubishi,eKX EV "P",bev,0,0,3131700,80000,124,0
electric,Mitsubishi,OUTLANDER "M (5 seater)",phev,17.6,2.359,5294300,120000,218,0
electric,Mitsubishi,OUTLANDER "G (5 seater)",phev,17.2,2.359,5910300,120000,227,0
electric,Mitsubishi,OUTLANDER "G (7 seater)",phev,17.2,2.359,6001600,120000,227,0
electric,Mitsubishi,OUTLANDER "P (5 seater)",phev,17.2,2.359,6344800,120000,227,0
electric,Mitsubishi,OUTLANDER "P (7 seater)",phev,17.2,2.359,6436100,120000,227,0
electric,Mitsubishi,OUTLANDER "P Executive Package (5 seater)",phev,17.2,2.359,6625300,120000,227,0
electric,Mitsubishi,OUTLANDER "P Executive Package (7 seater)",phev,17.2,2.359,6716600,120000,227,0
electric,Mitsubishi,OUTLANDER "BLACK Edition (5 seater)",phev,17.2,2.359,6735300,120000,227,0
electric,Mitsubishi,OUTLANDER "BLACK Edition (7 seater)",phev,17.2,2.359,6826600,120000,227,0
electric,Mitsubishi,MINICAB EV "2 seater",bev,0,0,2431000,80000,127,0
electric,Mitsubishi,MINICAB EV "4 seater",bev,0,0,2486000,80000,127,0
